Column1,Code,Data Version,Source/Object,Type,Target/Process,Research Year,Country/Reg,Product,Value,Value unit,Capacity unit,MeasType,Provenance,Value_sigma,ei_match,ei_CO2e_20a_cradle-to-gate,ei_CO2e_20a_cradle-to-gate_sigma,ei_CO2e_20a_conv_factor,ei_CO2e_20a_conv_factor_sigma,ei_CO2e_100a_cradle-to-gate,ei_CO2e_100a_cradle-to-gate_sigma,ei_CO2e_100a_conv_factor,ei_CO2e_100a_conv_factor_sigma,ei_Carbon dioxide_cradle-to-gate,ei_Carbon dioxide_cradle-to-gate_sigma,ei_Carbon dioxide_conv_factor,ei_Carbon dioxide_conv_factor_sigma,ei_Carbon monoxide_cradle-to-gate,ei_Carbon monoxide_cradle-to-gate_sigma,ei_Carbon monoxide_conv_factor,ei_Carbon monoxide_conv_factor_sigma,ei_Chloroform_cradle-to-gate,ei_Chloroform_cradle-to-gate_sigma,ei_Chloroform_conv_factor,ei_Chloroform_conv_factor_sigma,ei_Dinitrogen monoxide_cradle-to-gate,ei_Dinitrogen monoxide_cradle-to-gate_sigma,ei_Dinitrogen monoxide_conv_factor,ei_Dinitrogen monoxide_conv_factor_sigma,ei_Ethane_cradle-to-gate,ei_Ethane_cradle-to-gate_sigma,ei_Ethane_conv_factor,ei_Ethane_conv_factor_sigma,ei_Methane_cradle-to-gate,ei_Methane_cradle-to-gate_sigma,ei_Methane_conv_factor,ei_Methane_conv_factor_sigma,ei_Nitric oxide_cradle-to-gate,ei_Nitric oxide_cradle-to-gate_sigma,ei_Nitric oxide_conv_factor,ei_Nitric oxide_conv_factor_sigma,ei_Nitrogen fluoride_cradle-to-gate,ei_Nitrogen fluoride_cradle-to-gate_sigma,ei_Nitrogen fluoride_conv_factor,ei_Nitrogen fluoride_conv_factor_sigma,ei_Perfluoropentane_cradle-to-gate,ei_Perfluoropentane_cradle-to-gate_sigma,ei_Perfluoropentane_conv_factor,ei_Perfluoropentane_conv_factor_sigma,ei_Sulfur hexafluoride_cradle-to-gate,ei_Sulfur hexafluoride_cradle-to-gate_sigma,ei_Sulfur hexafluoride_conv_factor,ei_Sulfur hexafluoride_conv_factor_sigma,ei_Other_cradle-to-gate,ei_Other_cradle-to-gate_sigma,ei_Other_conv_factor,ei_Other_conv_factor_sigma,cm_match,cm_CO2e_20a_cradle-to-gate,cm_CO2e_20a_cradle-to-gate_sigma,cm_CO2e_20a_conv_factor,cm_CO2e_20a_conv_factor_sigma,cm_CO2e_100a_cradle-to-gate,cm_CO2e_100a_cradle-to-gate_sigma,cm_CO2e_100a_conv_factor,cm_CO2e_100a_conv_factor_sigma,cm_Carbon dioxide_cradle-to-gate,cm_Carbon dioxide_cradle-to-gate_sigma,cm_Carbon dioxide_conv_factor,cm_Carbon dioxide_conv_factor_sigma,cm_Carbon monoxide_cradle-to-gate,cm_Carbon monoxide_cradle-to-gate_sigma,cm_Carbon monoxide_conv_factor,cm_Carbon monoxide_conv_factor_sigma,cm_Chloroform_cradle-to-gate,cm_Chloroform_cradle-to-gate_sigma,cm_Chloroform_conv_factor,cm_Chloroform_conv_factor_sigma,cm_Dinitrogen monoxide_cradle-to-gate,cm_Dinitrogen monoxide_cradle-to-gate_sigma,cm_Dinitrogen monoxide_conv_factor,cm_Dinitrogen monoxide_conv_factor_sigma,cm_Ethane_cradle-to-gate,cm_Ethane_cradle-to-gate_sigma,cm_Ethane_conv_factor,cm_Ethane_conv_factor_sigma,cm_Methane_cradle-to-gate,cm_Methane_cradle-to-gate_sigma,cm_Methane_conv_factor,cm_Methane_conv_factor_sigma,cm_Nitric oxide_cradle-to-gate,cm_Nitric oxide_cradle-to-gate_sigma,cm_Nitric oxide_conv_factor,cm_Nitric oxide_conv_factor_sigma,cm_Nitrogen fluoride_cradle-to-gate,cm_Nitrogen fluoride_cradle-to-gate_sigma,cm_Nitrogen fluoride_conv_factor,cm_Nitrogen fluoride_conv_factor_sigma,cm_Perfluoropentane_cradle-to-gate,cm_Perfluoropentane_cradle-to-gate_sigma,cm_Perfluoropentane_conv_factor,cm_Perfluoropentane_conv_factor_sigma,cm_Sulfur hexafluoride_cradle-to-gate,cm_Sulfur hexafluoride_cradle-to-gate_sigma,cm_Sulfur hexafluoride_conv_factor,cm_Sulfur hexafluoride_conv_factor_sigma,cm_Other_cradle-to-gate,cm_Other_cradle-to-gate_sigma,cm_Other_conv_factor,cm_Other_conv_factor_sigma
3305,2M-1326,2021 Q3,FUEL GAS,By-Product,ETHYLENE FROM ETHANOL BY ADIABATIC FIXED-BED CATALYTIC DEHYDRATION,2007,Germany,ETHYLENE,-0.023673239,kg/kg,MM KG/yr,Recipe,IHS PEP,0.001183662,,,,,,,,,,,,,,,,,,,,,,,,,,,,,,,,,,,,,,,,,,,,,,,,,,,,,,,,,,,,,,,,,,,,,,,,,,,,,,,,,,,,,,,,,,,,,,,,,,,,,,,,,,
1257,2M-1326,2021 Q3,COOLING WATER,Direct Utilities,ETHYLENE FROM ETHANOL BY ADIABATIC FIXED-BED CATALYTIC DEHYDRATION,2007,Germany,ETHYLENE,50.74003516,kg/kg,MM KG/yr,Utilities,IHS PEP,2.537001757767665,COOLING WATER,0,0,0,0,0,0,0,0,0,0,0,0,0,0,0,0,0,0,0,0,0,0,0,0,0,0,0,0,0,0,0,0,0,0,0,0,0,0,0,0,0,0,0,0,0,0,0,0,0,0,0,0,,,,,,,,,,,,,,,,,,,,,,,,,,,,,,,,,,,,,,,,,,,,,,,,,,,,,
1258,2M-1326,2021 Q3,ELECTRICITY,Direct Utilities,ETHYLENE FROM ETHANOL BY ADIABATIC FIXED-BED CATALYTIC DEHYDRATION,2007,Germany,ETHYLENE,0.010317634,kWh/kg,MM KG/yr,Utilities,IHS PEP,0.000515882,ELECTRICITY,0,0,0,0,0,0,0,0,0,0,0,0,0,0,0,0,0,0,0,0,0,0,0,0,0,0,0,0,0,0,0,0,0,0,0,0,0,0,0,0,0,0,0,0,0,0,0,0,0,0,0,0,,,,,,,,,,,,,,,,,,,,,,,,,,,,,,,,,,,,,,,,,,,,,,,,,,,,,
1261,2M-1326,2021 Q3,NATURAL GAS,Direct Utilities,ETHYLENE FROM ETHANOL BY ADIABATIC FIXED-BED CATALYTIC DEHYDRATION,2007,Germany,ETHYLENE,0.05651928,kg/kg,MM KG/yr,Utilities,IHS PEP,0.002825964,NATURAL GAS,0.1526020554493309,0.013282031,2.7,0.1,0.1526020554493309,0.013282031,2.7,0.1,0.1526020554493309,0.013282031,2.7,0.1,0,0,0,0,0,0,0,0,0,0,0,0,0,0,0,0,0,0,0,0,0,0,0,0,0,0,0,0,0,0,0,0,0,0,0,0,0,0,0,0,,,,,,,,,,,,,,,,,,,,,,,,,,,,,,,,,,,,,,,,,,,,,,,,,,,,,
1259,2M-1326,2021 Q3,PROCESS WATER,Direct Utilities,ETHYLENE FROM ETHANOL BY ADIABATIC FIXED-BED CATALYTIC DEHYDRATION,2007,Germany,ETHYLENE,0.008929579,kg/kg,MM KG/yr,Utilities,IHS PEP,0.000446479,PROCESS WATER,0,0,0,0,0,0,0,0,0,0,0,0,0,0,0,0,0,0,0,0,0,0,0,0,0,0,0,0,0,0,0,0,0,0,0,0,0,0,0,0,0,0,0,0,0,0,0,0,0,0,0,0,,,,,,,,,,,,,,,,,,,,,,,,,,,,,,,,,,,,,,,,,,,,,,,,,,,,,
1260,2M-1326,2021 Q3,STEAM,Direct Utilities,ETHYLENE FROM ETHANOL BY ADIABATIC FIXED-BED CATALYTIC DEHYDRATION,2007,Germany,ETHYLENE,1.73,kg/kg,MM KG/yr,Utilities,IHS PEP,0.0865,STEAM,0,0,0,0,0,0,0,0,0,0,0,0,0,0,0,0,0,0,0,0,0,0,0,0,0,0,0,0,0,0,0,0,0,0,0,0,0,0,0,0,0,0,0,0,0,0,0,0,0,0,0,0,,,,,,,,,,,,,,,,,,,,,,,,,,,,,,,,,,,,,,,,,,,,,,,,,,,,,
3307,2M-1326,2021 Q3,COOLING WATER,Indirect Utilities,ETHYLENE FROM ETHANOL BY ADIABATIC FIXED-BED CATALYTIC DEHYDRATION,2007,Germany,ETHYLENE,50.74003516,kg/kg,MM KG/yr,Utilities,IHS PEP,2.537001757767665,,,,,,,,,,,,,,,,,,,,,,,,,,,,,,,,,,,,,,,,,,,,,,,,,,,,,,,,,,,,,,,,,,,,,,,,,,,,,,,,,,,,,,,,,,,,,,,,,,,,,,,,,,
3308,2M-1326,2021 Q3,ELECTRICITY,Indirect Utilities,ETHYLENE FROM ETHANOL BY ADIABATIC FIXED-BED CATALYTIC DEHYDRATION,2007,Germany,ETHYLENE,0.010317634,kWh/kg,MM KG/yr,Utilities,IHS PEP,0.000515882,"electricity, medium voltage",0.006860288,0.001029043,0.6649090277047398,0.066490903,0.006036241,0.000905436,0.5850412058672869,0.058504121,0.005495109,0.000824266,0.5325939169892919,0.053259392,3.883781336393399e-06,5.825672004590043e-07,0.000376422,3.764217053283001e-05,2.413059515203051e-11,3.619589272804541e-12,2.3387721889999997e-09,2.3387721889999997e-10,1.8138615635820204e-07,2.720792345373005e-08,1.758020866404e-05,1.758020866404e-06,4.9814953303900687e-11,7.472242995585034e-12,4.828137335588799e-09,4.8281373355888e-10,1.4817638456233344e-05,2.222645768433639e-06,0.001436147,0.000143615,2.6193282184177907e-14,3.9289923276266484e-15,2.5386908e-12,2.5386908e-13,1.2158904366050108e-19,1.823835654907499e-20,1.1784586e-17,1.1784586000000002e-18,0,0,0,0,1.596004037326675e-09,2.394006055989989e-10,1.5468702004713098e-07,1.54687020047131e-08,9.45146221308796e-14,1.4177193319631804e-14,9.1604939e-12,9.1604939e-13,,,,,,,,,,,,,,,,,,,,,,,,,,,,,,,,,,,,,,,,,,,,,,,,,,,,,
3311,2M-1326,2021 Q3,NATURAL GAS,Indirect Utilities,ETHYLENE FROM ETHANOL BY ADIABATIC FIXED-BED CATALYTIC DEHYDRATION,2007,Germany,ETHYLENE,0.05651928,kg/kg,MM KG/yr,Utilities,IHS PEP,0.002825964,"natural gas, high pressure",0.042470671,0.006370601,0.7514368803090485,0.075143688,0.022302538,0.003345381,0.394600531,0.039460053,0.011287942,0.001693191,0.199718439,0.019971844,3.083007130732499e-05,4.624510696098736e-06,0.000545479,5.454788422389e-05,1.1098945310309102e-13,1.6648417965463608e-14,1.963744999999996e-12,1.9637449999999962e-13,2.0530963372662186e-07,3.079644505899319e-08,3.632559269465e-06,3.632559269465e-07,2.2052381536705848e-11,3.307857230505869e-12,3.901744964954e-10,3.901744964954e-11,0.000364172,5.4625781936341305e-05,0.006443321,0.000644332,1.8122593384600089e-13,2.718389007690005e-14,3.2064445e-12,3.2064445000000013e-13,1.947539986749524e-19,2.9213099801242773e-20,3.4457976e-18,3.4457976000000003e-19,0,0,0,0,2.86977514340239e-10,4.304662715103573e-11,5.077515413781031e-09,5.07751541378103e-10,-1.17E-12,-1.76E-13,-2.07E-11,-2.07E-12,,,,,,,,,,,,,,,,,,,,,,,,,,,,,,,,,,,,,,,,,,,,,,,,,,,,,
3309,2M-1326,2021 Q3,PROCESS WATER,Indirect Utilities,ETHYLENE FROM ETHANOL BY ADIABATIC FIXED-BED CATALYTIC DEHYDRATION,2007,Germany,ETHYLENE,0.008929579,kg/kg,MM KG/yr,Utilities,IHS PEP,0.000446479,,,,,,,,,,,,,,,,,,,,,,,,,,,,,,,,,,,,,,,,,,,,,,,,,,,,,,,,,,,,,,,,,,,,,,,,,,,,,,,,,,,,,,,,,,,,,,,,,,,,,,,,,,
3310,2M-1326,2021 Q3,STEAM,Indirect Utilities,ETHYLENE FROM ETHANOL BY ADIABATIC FIXED-BED CATALYTIC DEHYDRATION,2007,Germany,ETHYLENE,1.73,kg/kg,MM KG/yr,Utilities,IHS PEP,0.0865,"steam, in chemical industry",0.5448219339638807,0.08172329,0.3149259733895264,0.031492597,0.4977333098837976,0.074659996,0.2877071155397674,0.028770712,0.4707346866240712,0.070610203,0.2721009749272088,0.027210097,0.000270258,4.0538756055107095e-05,0.000156219,1.5621871312179997e-05,5.6718471773999997e-11,8.507770766099999e-12,3.27852438e-11,3.27852438e-12,3.99789142276496e-06,5.99683713414744e-07,2.310919897552e-06,2.3109198975520002e-07,3.6358399971239614e-09,5.453759995685942e-10,2.1016416168346598e-09,2.10164161683466e-10,0.000831124,0.000124669,0.000480418,4.804184542818481e-05,2.804914913e-11,4.207372369500001e-12,1.6213381e-11,1.621338100000001e-12,3.030546184e-18,4.545819275999999e-19,1.7517608e-18,1.7517608e-19,0,0,0,0,6.0992214071202855e-09,9.148832110680428e-10,3.525561507005945e-09,3.5255615070059456e-10,7.126664588999999e-11,1.0689996883499998e-11,4.1194593e-11,4.1194593e-12,,,,,,,,,,,,,,,,,,,,,,,,,,,,,,,,,,,,,,,,,,,,,,,,,,,,,
3306,2M-1326,2021 Q3,BIOETHANOL,Raw Material,ETHYLENE FROM ETHANOL BY ADIABATIC FIXED-BED CATALYTIC DEHYDRATION,2007,Germany,ETHYLENE,1.693937576,kg/kg,MM KG/yr,Recipe,IHS PEP,0.084696879,bioethanol,=,,-1.91,0.19,0,0,0,0,0,0,0,0,0,0,0,0,0,0,0,0,0,0,0,0,0,0,0,0,0,0,0,0,0,0,0,0,0,0,0,0,0,0,0,0,0,0,0,0,0,0,0,0,,,,,,,,,,,,,,,,,,,,,,,,,,,,,,,,,,,,,,,,,,,,,,,,,,,,,
2992,2M-1280,2021 Q3,ACETALDEHYDE,By-Product,ETHYLENE FROM ETHANOL BY FLUIDIZED-BED CATALYTIC DEHYDRATION,1998,Germany,ETHYLENE,-0.00122,kg/kg,MM KG/yr,Recipe,IHS PEP,6.1e-05,acetaldehyde,-0.003500274,-0.000175014,2.869076669,0.286907667,-0.002780543,-0.000139027,2.279133371,0.2279133370860599,-0.002369226,-0.000118461,1.94198835,0.194198835,-3.56E-06,-1.78E-07,0.00291842,0.000291842,-6.65E-12,-3.32E-13,5.44723029e-09,5.44723029e-10,-4.11E-08,-2.05E-09,3.36834351318e-05,3.36834351318e-06,-3.59E-11,-1.80E-12,2.9431852684417002e-08,2.9431852684417e-09,-1.28E-05,-6.40E-07,0.010493146,0.001049315,-2.52E-14,-1.26E-15,2.0650233e-11,2.0650233e-12,-5.70E-20,-2.85E-21,4.6746029e-17,4.6746029e-18,0,0,0,0,-2.74E-10,-1.37E-11,2.247004401869549e-07,2.247004401869549e-08,-3.63E-13,-1.81E-14,2.9724679e-10,2.9724679e-11,acetaldehyde; production mix,-0.00348127,-0.000174064,2.853500371,0.285350037,-0.003015186,-0.000150759,2.471463960357084,0.2471463960357084,-0.002731536,-0.000136577,2.2389640977134726,0.2238964097713471,-2.09E-05,-1.04E-06,0.017118552,0.001711855,-8.89E-11,-4.44E-12,7.282837189674325e-08,7.282837189674325e-09,-1.46E-07,-7.31E-09,0.000119771,1.197711857318e-05,-7.83E-11,-3.91E-12,6.416192771648304e-08,6.416192771648305e-09,-6.54E-06,-3.27E-07,0.005362035,0.000536204,0,0,0,0,-1.10E-16,-5.49E-18,9.003332316119385e-14,9.003332316119386e-15,0,0,0,0,-1.70E-10,-8.50E-12,1.3935944255026128e-07,1.3935944255026132e-08,0,0,0,0
2993,2M-1280,2021 Q3,STEAM,By-Product,ETHYLENE FROM ETHANOL BY FLUIDIZED-BED CATALYTIC DEHYDRATION,1998,Germany,ETHYLENE,-0.689,kg/kg,MM KG/yr,Utilities,IHS PEP,0.03445,"steam, in chemical industry",-0.216983996,-0.0108492,0.3149259733895264,0.031492597,-0.198230203,-0.00991151,0.2877071155397674,0.028770712,-0.187477572,-0.009373879,0.2721009749272088,0.027210097,-0.000107635,-5.38E-06,0.000156219,1.5621871312179997e-05,-2.26E-11,-1.13E-12,3.27852438e-11,3.27852438e-12,-1.59E-06,-7.96E-08,2.310919897552e-06,2.3109198975520002e-07,-1.45E-09,-7.24E-11,2.1016416168346598e-09,2.10164161683466e-10,-0.000331008,-1.66E-05,0.000480418,4.804184542818481e-05,-1.12E-11,-5.59E-13,1.6213381e-11,1.621338100000001e-12,-1.21E-18,-6.03E-20,1.7517608e-18,1.7517608e-19,0,0,0,0,-2.43E-09,-1.21E-10,3.525561507005945e-09,3.5255615070059456e-10,-2.84E-11,-1.42E-12,4.1194593e-11,4.1194593e-12,,,,,,,,,,,,,,,,,,,,,,,,,,,,,,,,,,,,,,,,,,,,,,,,,,,,,
1110,2M-1280,2021 Q3,COOLING WATER,Direct Utilities,ETHYLENE FROM ETHANOL BY FLUIDIZED-BED CATALYTIC DEHYDRATION,1998,Germany,ETHYLENE,14.4375429,kg/kg,MM KG/yr,Utilities,IHS PEP,0.7218771448911301,COOLING WATER,0,0,0,0,0,0,0,0,0,0,0,0,0,0,0,0,0,0,0,0,0,0,0,0,0,0,0,0,0,0,0,0,0,0,0,0,0,0,0,0,0,0,0,0,0,0,0,0,0,0,0,0,,,,,,,,,,,,,,,,,,,,,,,,,,,,,,,,,,,,,,,,,,,,,,,,,,,,,
1111,2M-1280,2021 Q3,ELECTRICITY,Direct Utilities,ETHYLENE FROM ETHANOL BY FLUIDIZED-BED CATALYTIC DEHYDRATION,1998,Germany,ETHYLENE,0.337230099,kWh/kg,MM KG/yr,Utilities,IHS PEP,0.016861505,ELECTRICITY,0,0,0,0,0,0,0,0,0,0,0,0,0,0,0,0,0,0,0,0,0,0,0,0,0,0,0,0,0,0,0,0,0,0,0,0,0,0,0,0,0,0,0,0,0,0,0,0,0,0,0,0,,,,,,,,,,,,,,,,,,,,,,,,,,,,,,,,,,,,,,,,,,,,,,,,,,,,,
1112,2M-1280,2021 Q3,NATURAL GAS,Direct Utilities,ETHYLENE FROM ETHANOL BY FLUIDIZED-BED CATALYTIC DEHYDRATION,1998,Germany,ETHYLENE,0.038358987,kg/kg,MM KG/yr,Utilities,IHS PEP,0.001917949,NATURAL GAS,0.1035692638623324,0.009014362,2.7,0.1,0.1035692638623324,0.009014362,2.7,0.1,0.1035692638623324,0.009014362,2.7,0.1,0,0,0,0,0,0,0,0,0,0,0,0,0,0,0,0,0,0,0,0,0,0,0,0,0,0,0,0,0,0,0,0,0,0,0,0,0,0,0,0,,,,,,,,,,,,,,,,,,,,,,,,,,,,,,,,,,,,,,,,,,,,,,,,,,,,,
2996,2M-1280,2021 Q3,COOLING WATER,Indirect Utilities,ETHYLENE FROM ETHANOL BY FLUIDIZED-BED CATALYTIC DEHYDRATION,1998,Germany,ETHYLENE,14.4375429,kg/kg,MM KG/yr,Utilities,IHS PEP,0.7218771448911301,,,,,,,,,,,,,,,,,,,,,,,,,,,,,,,,,,,,,,,,,,,,,,,,,,,,,,,,,,,,,,,,,,,,,,,,,,,,,,,,,,,,,,,,,,,,,,,,,,,,,,,,,,
2997,2M-1280,2021 Q3,ELECTRICITY,Indirect Utilities,ETHYLENE FROM ETHANOL BY FLUIDIZED-BED CATALYTIC DEHYDRATION,1998,Germany,ETHYLENE,0.337230099,kWh/kg,MM KG/yr,Utilities,IHS PEP,0.016861505,"electricity, medium voltage",0.2242273374723113,0.033634101,0.6649090277047398,0.066490903,0.1972935039791113,0.029594026,0.5850412058672869,0.058504121,0.1796066995400893,0.026941005,0.5325939169892919,0.053259392,0.000126941,1.9041109362865853e-05,0.000376422,3.764217053283001e-05,7.887043776560546e-10,1.1830565664840822e-10,2.3387721889999997e-09,2.3387721889999997e-10,5.928575514387243e-06,8.892863271580866e-07,1.758020866404e-05,1.758020866404e-06,1.628193233361356e-09,2.4422898500420344e-10,4.828137335588799e-09,4.8281373355888e-10,0.000484312,7.264679700180638e-05,0.001436147,0.000143615,8.561229507057184e-13,1.2841844260585778e-13,2.5386908e-12,2.5386908e-13,3.974117107591558e-18,5.961175661387338e-19,1.1784586e-17,1.1784586000000002e-18,0,0,0,0,5.216511913881928e-08,7.824767870822892e-09,1.5468702004713098e-07,1.54687020047131e-08,3.089194268002127e-12,4.633791402003191e-13,9.1604939e-12,9.1604939e-13,,,,,,,,,,,,,,,,,,,,,,,,,,,,,,,,,,,,,,,,,,,,,,,,,,,,,
2998,2M-1280,2021 Q3,NATURAL GAS,Indirect Utilities,ETHYLENE FROM ETHANOL BY FLUIDIZED-BED CATALYTIC DEHYDRATION,1998,Germany,ETHYLENE,0.038358987,kg/kg,MM KG/yr,Utilities,IHS PEP,0.001917949,"natural gas, high pressure",0.028824357,0.004323654,0.7514368803090485,0.075143688,0.015136476,0.002270471,0.394600531,0.039460053,0.007660997,0.00114915,0.199718439,0.019971844,2.092401560857788e-05,3.1386023412866624e-06,0.000545479,5.454788422389e-05,7.532726817160584e-14,1.1299090225740804e-14,1.963744999999996e-12,1.9637449999999962e-13,1.3934129239806753e-07,2.090119385971e-08,3.632559269465e-06,3.632559269465e-07,1.4966698288846224e-11,2.24500474332692e-12,3.901744964954e-10,3.901744964954e-11,0.000247159,3.707389134695928e-05,0.006443321,0.000644332,1.229959616594166e-13,1.8449394248912372e-14,3.2064445e-12,3.2064445000000013e-13,1.3217730401873778e-19,1.9826595602810543e-20,3.4457976e-18,3.4457976000000003e-19,0,0,0,0,1.9476834579812888e-10,2.9215251869719147e-11,5.077515413781031e-09,5.07751541378103e-10,-7.94E-13,-1.19E-13,-2.07E-11,-2.07E-12,,,,,,,,,,,,,,,,,,,,,,,,,,,,,,,,,,,,,,,,,,,,,,,,,,,,,
2994,2M-1280,2021 Q3,CATALYST,Raw Material,ETHYLENE FROM ETHANOL BY FLUIDIZED-BED CATALYTIC DEHYDRATION,1998,Germany,ETHYLENE,,,MM KG/yr,Recipe,IHS PEP,,,,,,,,,,,,,,,,,,,,,,,,,,,,,,,,,,,,,,,,,,,,,,,,,,,,,,,,,,,,,,,,,,,,,,,,,,,,,,,,,,,,,,,,,,,,,,,,,,,,,,,,,,,
2995,2M-1280,2021 Q3,ETHANOL.,Raw Material,ETHYLENE FROM ETHANOL BY FLUIDIZED-BED CATALYTIC DEHYDRATION,1998,Germany,ETHYLENE,1.649990399,kg/kg,MM KG/yr,Recipe,IHS PEP,0.08249952,"ethanol, without water, in 99.7% solution state, from ethylene",3.2428238252957504,0.4864235737943625,1.9653592094904373,0.1965359209490437,2.5196467417913446,0.3779470112687016,1.5270675175178725,0.1527067517517872,2.122371508,0.3183557262556994,1.2862932476935538,0.1286293247693553,0.002490502,0.000373575,0.001509404,0.00015094,5.613931715937982e-09,8.42089757390697e-10,3.402402657e-09,3.4024026570000004e-10,5.958322518338436e-06,8.937483777507654e-07,3.6111255700000007e-06,3.611125570000001e-07,3.300422645764876e-08,4.950633968647313e-09,2.000267788668173e-08,2.0002677886681723e-09,0.012938726,0.001940809,0.007841697,0.00078417,1.8902232255744286e-11,2.835334838361643e-12,1.1455965e-11,1.1455965e-12,-4.36E-17,-6.54E-18,-2.64E-17,-2.64E-18,0,0,0,0,1.867958402706584e-08,2.801937604059876e-09,1.1321025894367272e-08,1.132102589436727e-09,4.1141278044188216e-10,6.171191706628232e-11,2.4934253e-10,2.4934253e-11,,,,,,,,,,,,,,,,,,,,,,,,,,,,,,,,,,,,,,,,,,,,,,,,,,,,,
11553,2M-2119,2022 Q1,FUEL GAS,By-Product,ETHYLENE FROM ETHANOL DEHYDRATION PROCESS BY BRASKEM,2021,Germany,ETHYLENE,-0.021495857,kg/kg,MM KG/yr,Recipe,IHS PEP,0.001074793,,,,,,,,,,,,,,,,,,,,,,,,,,,,,,,,,,,,,,,,,,,,,,,,,,,,,,,,,,,,,,,,,,,,,,,,,,,,,,,,,,,,,,,,,,,,,,,,,,,,,,,,,,
4415,2M-2119,2022 Q1,COOLING WATER,Direct Utilities,ETHYLENE FROM ETHANOL DEHYDRATION PROCESS BY BRASKEM,2021,Germany,ETHYLENE,45.56588683,kg/kg,MM KG/yr,Utilities,IHS PEP,2.278294342,COOLING WATER,0,0,0,0,0,0,0,0,0,0,0,0,0,0,0,0,0,0,0,0,0,0,0,0,0,0,0,0,0,0,0,0,0,0,0,0,0,0,0,0,0,0,0,0,0,0,0,0,0,0,0,0,,,,,,,,,,,,,,,,,,,,,,,,,,,,,,,,,,,,,,,,,,,,,,,,,,,,,
4416,2M-2119,2022 Q1,ELECTRICITY,Direct Utilities,ETHYLENE FROM ETHANOL DEHYDRATION PROCESS BY BRASKEM,2021,Germany,ETHYLENE,0.392422827,kWh/kg,MM KG/yr,Utilities,IHS PEP,0.019621141,ELECTRICITY,0,0,0,0,0,0,0,0,0,0,0,0,0,0,0,0,0,0,0,0,0,0,0,0,0,0,0,0,0,0,0,0,0,0,0,0,0,0,0,0,0,0,0,0,0,0,0,0,0,0,0,0,,,,,,,,,,,,,,,,,,,,,,,,,,,,,,,,,,,,,,,,,,,,,,,,,,,,,
4419,2M-2119,2022 Q1,NATURAL GAS,Direct Utilities,ETHYLENE FROM ETHANOL DEHYDRATION PROCESS BY BRASKEM,2021,Germany,ETHYLENE,0.05651928,kg/kg,MM KG/yr,Utilities,IHS PEP,0.002825964,NATURAL GAS,0.1526020554493309,0.013282031,2.7,0.1,0.1526020554493309,0.013282031,2.7,0.1,0.1526020554493309,0.013282031,2.7,0.1,0,0,0,0,0,0,0,0,0,0,0,0,0,0,0,0,0,0,0,0,0,0,0,0,0,0,0,0,0,0,0,0,0,0,0,0,0,0,0,0,,,,,,,,,,,,,,,,,,,,,,,,,,,,,,,,,,,,,,,,,,,,,,,,,,,,,
4417,2M-2119,2022 Q1,PROCESS WATER,Direct Utilities,ETHYLENE FROM ETHANOL DEHYDRATION PROCESS BY BRASKEM,2021,Germany,ETHYLENE,0.008929579,kg/kg,MM KG/yr,Utilities,IHS PEP,0.000446479,PROCESS WATER,0,0,0,0,0,0,0,0,0,0,0,0,0,0,0,0,0,0,0,0,0,0,0,0,0,0,0,0,0,0,0,0,0,0,0,0,0,0,0,0,0,0,0,0,0,0,0,0,0,0,0,0,,,,,,,,,,,,,,,,,,,,,,,,,,,,,,,,,,,,,,,,,,,,,,,,,,,,,
4418,2M-2119,2022 Q1,STEAM,Direct Utilities,ETHYLENE FROM ETHANOL DEHYDRATION PROCESS BY BRASKEM,2021,Germany,ETHYLENE,1.95,kg/kg,MM KG/yr,Utilities,IHS PEP,0.0975,STEAM,0,0,0,0,0,0,0,0,0,0,0,0,0,0,0,0,0,0,0,0,0,0,0,0,0,0,0,0,0,0,0,0,0,0,0,0,0,0,0,0,0,0,0,0,0,0,0,0,0,0,0,0,,,,,,,,,,,,,,,,,,,,,,,,,,,,,,,,,,,,,,,,,,,,,,,,,,,,,
11556,2M-2119,2022 Q1,COOLING WATER,Indirect Utilities,ETHYLENE FROM ETHANOL DEHYDRATION PROCESS BY BRASKEM,2021,Germany,ETHYLENE,45.56588683,kg/kg,MM KG/yr,Utilities,IHS PEP,2.278294342,,,,,,,,,,,,,,,,,,,,,,,,,,,,,,,,,,,,,,,,,,,,,,,,,,,,,,,,,,,,,,,,,,,,,,,,,,,,,,,,,,,,,,,,,,,,,,,,,,,,,,,,,,
11557,2M-2119,2022 Q1,ELECTRICITY,Indirect Utilities,ETHYLENE FROM ETHANOL DEHYDRATION PROCESS BY BRASKEM,2021,Germany,ETHYLENE,0.392422827,kWh/kg,MM KG/yr,Utilities,IHS PEP,0.019621141,"electricity, medium voltage",0.2609254801429831,0.039138822,0.6649090277047398,0.066490903,0.2295835237360299,0.034437529,0.5850412058672869,0.058504121,0.2090020103823482,0.031350302,0.5325939169892919,0.053259392,0.000147716,2.215747044480843e-05,0.000376422,3.764217053283001e-05,9.177875933891915e-10,1.376681390083788e-10,2.3387721889999997e-09,2.3387721889999997e-10,6.898875177726467e-06,1.0348312766589702e-06,1.758020866404e-05,1.758020866404e-06,1.894671300874849e-09,2.8420069513122735e-10,4.828137335588799e-09,4.8281373355888e-10,0.000563577,8.453652708999794e-05,0.001436147,0.000143615,9.96240219825567e-13,1.4943603297383505e-13,2.5386908e-12,2.5386908e-13,4.624540549480582e-18,6.9368108242208745e-19,1.1784586e-17,1.1784586000000002e-18,0,0,0,0,6.070271765900585e-08,9.105407648850877e-09,1.5468702004713098e-07,1.54687020047131e-08,3.594786910106093e-12,5.392180365159139e-13,9.1604939e-12,9.1604939e-13,,,,,,,,,,,,,,,,,,,,,,,,,,,,,,,,,,,,,,,,,,,,,,,,,,,,,
11560,2M-2119,2022 Q1,NATURAL GAS,Indirect Utilities,ETHYLENE FROM ETHANOL DEHYDRATION PROCESS BY BRASKEM,2021,Germany,ETHYLENE,0.05651928,kg/kg,MM KG/yr,Utilities,IHS PEP,0.002825964,"natural gas, high pressure",0.042470671,0.006370601,0.7514368803090485,0.075143688,0.022302538,0.003345381,0.394600531,0.039460053,0.011287942,0.001693191,0.199718439,0.019971844,3.083007130732499e-05,4.624510696098736e-06,0.000545479,5.454788422389e-05,1.1098945310309102e-13,1.6648417965463608e-14,1.963744999999996e-12,1.9637449999999962e-13,2.0530963372662186e-07,3.079644505899319e-08,3.632559269465e-06,3.632559269465e-07,2.2052381536705848e-11,3.307857230505869e-12,3.901744964954e-10,3.901744964954e-11,0.000364172,5.4625781936341305e-05,0.006443321,0.000644332,1.8122593384600089e-13,2.718389007690005e-14,3.2064445e-12,3.2064445000000013e-13,1.947539986749524e-19,2.9213099801242773e-20,3.4457976e-18,3.4457976000000003e-19,0,0,0,0,2.86977514340239e-10,4.304662715103573e-11,5.077515413781031e-09,5.07751541378103e-10,-1.17E-12,-1.76E-13,-2.07E-11,-2.07E-12,,,,,,,,,,,,,,,,,,,,,,,,,,,,,,,,,,,,,,,,,,,,,,,,,,,,,
11558,2M-2119,2022 Q1,PROCESS WATER,Indirect Utilities,ETHYLENE FROM ETHANOL DEHYDRATION PROCESS BY BRASKEM,2021,Germany,ETHYLENE,0.008929579,kg/kg,MM KG/yr,Utilities,IHS PEP,0.000446479,,,,,,,,,,,,,,,,,,,,,,,,,,,,,,,,,,,,,,,,,,,,,,,,,,,,,,,,,,,,,,,,,,,,,,,,,,,,,,,,,,,,,,,,,,,,,,,,,,,,,,,,,,
11559,2M-2119,2022 Q1,STEAM,Indirect Utilities,ETHYLENE FROM ETHANOL DEHYDRATION PROCESS BY BRASKEM,2021,Germany,ETHYLENE,1.95,kg/kg,MM KG/yr,Utilities,IHS PEP,0.0975,"steam, in chemical industry",0.6141056481095765,0.092115847,0.3149259733895264,0.031492597,0.5610288753025464,0.084154331,0.2877071155397674,0.028770712,0.5305969011080571,0.079589535,0.2721009749272088,0.027210097,0.000304626,4.569397358812649e-05,0.000156219,1.5621871312179997e-05,6.393122540999999e-11,9.5896838115e-12,3.27852438e-11,3.27852438e-12,4.5062938002264e-06,6.759440700339601e-07,2.310919897552e-06,2.3109198975520002e-07,4.098201152827586e-09,6.14730172924138e-10,2.1016416168346598e-09,2.10164161683466e-10,0.000936816,0.000140522,0.000480418,4.804184542818481e-05,3.1616092950000005e-11,4.7424139425000015e-12,1.6213381e-11,1.621338100000001e-12,3.4159335600000007e-18,5.12390034e-19,1.7517608e-18,1.7517608e-19,0,0,0,0,6.874844938661593e-09,1.031226740799239e-09,3.525561507005945e-09,3.5255615070059456e-10,8.032945634999999e-11,1.20494184525e-11,4.1194593e-11,4.1194593e-12,,,,,,,,,,,,,,,,,,,,,,,,,,,,,,,,,,,,,,,,,,,,,,,,,,,,,
11554,2M-2119,2022 Q1,CATALYST,Raw Material,ETHYLENE FROM ETHANOL DEHYDRATION PROCESS BY BRASKEM,2021,Germany,ETHYLENE,,,MM KG/yr,Recipe,IHS PEP,,,,,,,,,,,,,,,,,,,,,,,,,,,,,,,,,,,,,,,,,,,,,,,,,,,,,,,,,,,,,,,,,,,,,,,,,,,,,,,,,,,,,,,,,,,,,,,,,,,,,,,,,,,
11555,2M-2119,2022 Q1,ETHANOL,Raw Material,ETHYLENE FROM ETHANOL DEHYDRATION PROCESS BY BRASKEM,2021,Germany,ETHYLENE,1.774202406,kg/kg,MM KG/yr,Recipe,IHS PEP,0.08871012,"ethanol, without water, in 99.7% solution state, from ethylene",3.4869450374581525,0.5230417556187229,1.9653592094904373,0.1965359209490437,2.7093268631809333,0.4063990294771399,1.5270675175178725,0.1527067517517872,2.282144574,0.3423216861657464,1.2862932476935538,0.1286293247693553,0.002677988,0.000401698,0.001509404,0.00015094,6.036550979063305e-09,9.054826468594956e-10,3.402402657e-09,3.4024026570000004e-10,6.406867673423651e-06,9.610301510135476e-07,3.6111255700000007e-06,3.611125570000001e-07,3.548879922613359e-08,5.323319883920038e-09,2.000267788668173e-08,2.0002677886681723e-09,0.013912759,0.002086914,0.007841697,0.00078417,2.0325200662122848e-11,3.048780099318428e-12,1.1455965e-11,1.1455965e-12,-4.69E-17,-7.03E-18,-2.64E-17,-2.64E-18,0,0,0,0,2.0085791376292056e-08,3.0128687064438083e-09,1.1321025894367272e-08,1.132102589436727e-09,4.4238411655861264e-10,6.635761748379189e-11,2.4934253e-10,2.4934253e-11,,,,,,,,,,,,,,,,,,,,,,,,,,,,,,,,,,,,,,,,,,,,,,,,,,,,,
11663,2M-2134,2022 Q1,STEAM,By-Product,METHANOL FROM BIOMASS PROCESS,2021,Germany,METHANOL,-1.763128141,kg/kg,MM KG/yr,Utilities,IHS PEP,0.088156407,"steam, in chemical industry",-0.555254846,-0.027762742,0.3149259733895264,0.031492597,-0.507264512,-0.025363226,0.2877071155397674,0.028770712,-0.479748886,-0.023987444,0.2721009749272088,0.027210097,-0.000275434,-1.38E-05,0.000156219,1.5621871312179997e-05,-5.78E-11,-2.89E-12,3.27852438e-11,3.27852438e-12,-4.07E-06,-2.04E-07,2.310919897552e-06,2.3109198975520002e-07,-3.71E-09,-1.85E-10,2.1016416168346598e-09,2.10164161683466e-10,-0.000847039,-4.24E-05,0.000480418,4.804184542818481e-05,-2.86E-11,-1.43E-12,1.6213381e-11,1.621338100000001e-12,-3.09E-18,-1.54E-19,1.7517608e-18,1.7517608e-19,0,0,0,0,-6.22E-09,-3.11E-10,3.525561507005945e-09,3.5255615070059456e-10,-7.26E-11,-3.63E-12,4.1194593e-11,4.1194593e-12,,,,,,,,,,,,,,,,,,,,,,,,,,,,,,,,,,,,,,,,,,,,,,,,,,,,,
186,2M-2134,2022 Q1,METHANOL,Direct Process,METHANOL FROM BIOMASS PROCESS,2021,Germany,METHANOL,1,kg/kg,MM KG/yr,Chemical,IHS PEP,0,,0.19457999999999998,0.0019458,,,0.06831,0.0006831,,,0,0,,,0,0,,,0,0,,,0,0,,,0,0,,,0.0023,2.3e-05,,,0,0,,,0,0,,,0,0,,,0,0,,,0,0,,,,,,,,,,,,,,,,,,,,,,,,,,,,,,,,,,,,,,,,,,,,,,,,,,,,,,,
4465,2M-2134,2022 Q1,COOLING WATER,Direct Utilities,METHANOL FROM BIOMASS PROCESS,2021,Germany,METHANOL,88.10226747,kg/kg,MM KG/yr,Utilities,IHS PEP,4.4051133734367705,COOLING WATER,0,0,0,0,0,0,0,0,0,0,0,0,0,0,0,0,0,0,0,0,0,0,0,0,0,0,0,0,0,0,0,0,0,0,0,0,0,0,0,0,0,0,0,0,0,0,0,0,0,0,0,0,,,,,,,,,,,,,,,,,,,,,,,,,,,,,,,,,,,,,,,,,,,,,,,,,,,,,
4466,2M-2134,2022 Q1,ELECTRICITY,Direct Utilities,METHANOL FROM BIOMASS PROCESS,2021,Germany,METHANOL,0.017531735,kWh/kg,MM KG/yr,Utilities,IHS PEP,0.000876587,ELECTRICITY,0,0,0,0,0,0,0,0,0,0,0,0,0,0,0,0,0,0,0,0,0,0,0,0,0,0,0,0,0,0,0,0,0,0,0,0,0,0,0,0,0,0,0,0,0,0,0,0,0,0,0,0,,,,,,,,,,,,,,,,,,,,,,,,,,,,,,,,,,,,,,,,,,,,,,,,,,,,,
4467,2M-2134,2022 Q1,NATURAL GAS,Indirect Utilities,METHANOL FROM BIOMASS PROCESS,2021,Germany,METHANOL,0.6992159851199907,kg/kg,MM KG/yr,Utilities,IHS PEP,0.034960799,NATURAL GAS,1.8878831598239751,0.1643157565031977,2.7,0.1,1.8878831598239751,0.1643157565031977,2.7,0.1,1.8878831598239751,0.1643157565031977,2.7,0.1,0,0,0,0,0,0,0,0,0,0,0,0,0,0,0,0,0,0,0,0,0,0,0,0,0,0,0,0,0,0,0,0,0,0,0,0,0,0,0,0,,,,,,,,,,,,,,,,,,,,,,,,,,,,,,,,,,,,,,,,,,,,,,,,,,,,,
11668,2M-2134,2022 Q1,COOLING WATER,,METHANOL FROM BIOMASS PROCESS,2021,Germany,METHANOL,88.10226747,kg/kg,MM KG/yr,Utilities,IHS PEP,4.4051133734367705,,,,,,,,,,,,,,,,,,,,,,,,,,,,,,,,,,,,,,,,,,,,,,,,,,,,,,,,,,,,,,,,,,,,,,,,,,,,,,,,,,,,,,,,,,,,,,,,,,,,,,,,,,
11669,2M-2134,2022 Q1,ELECTRICITY,Indirect Utilities,METHANOL FROM BIOMASS PROCESS,2021,Germany,METHANOL,0.017531735,kWh/kg,MM KG/yr,Utilities,IHS PEP,0.000876587,"electricity, medium voltage",0.011657009,0.001748551,0.6649090277047398,0.066490903,0.010256787,0.001538518,0.5850412058672869,0.058504121,0.009337296,0.001400594,0.5325939169892919,0.053259392,6.599325650520301e-06,9.898988475780322e-07,0.000376422,3.764217053283001e-05,4.1002734643396864e-11,6.1504101965094484e-12,2.3387721889999997e-09,2.3387721889999997e-10,3.082115625529951e-07,4.623173438294865e-08,1.758020866404e-05,1.758020866404e-06,8.464562513789354e-11,1.2696843770683864e-11,4.828137335588799e-09,4.8281373355888e-10,2.517814806617416e-05,3.776722209923794e-06,0.001436147,0.000143615,4.4507654787249954e-14,6.676148218087405e-15,2.5386908e-12,2.5386908e-13,2.0660424085464004e-19,3.0990636128195604e-20,1.1784586e-17,1.1784586000000002e-18,0,0,0,0,2.711931869893773e-09,4.0678978048406067e-10,1.5468702004713098e-07,1.54687020047131e-08,1.6059935309251094e-13,2.4089902963876324e-14,9.1604939e-12,9.1604939e-13,,,,,,,,,,,,,,,,,,,,,,,,,,,,,,,,,,,,,,,,,,,,,,,,,,,,,
11670,2M-2134,2022 Q1,NATURAL GAS,Indirect Utilities,METHANOL FROM BIOMASS PROCESS,2021,Germany,METHANOL,0.6992159851199907,kg/kg,MM KG/yr,Utilities,IHS PEP,0.034960799,"natural gas, high pressure",0.5254166785207839,0.078812502,0.7514368803090485,0.075143688,0.2759109989937148,0.04138665,0.394600531,0.039460053,0.1396463247526784,0.020946949,0.199718439,0.019971844,0.000381408,5.721112890572766e-05,0.000545479,5.454788422389e-05,1.3730818946994532e-12,2.0596228420491802e-13,1.963744999999996e-12,1.9637449999999962e-13,2.539943508105724e-06,3.809915262158585e-07,3.632559269465e-06,3.632559269465e-07,2.7281624493572736e-10,4.092243674035911e-11,3.901744964954e-10,3.901744964954e-11,0.004505273,0.000675791,0.006443321,0.000644332,2.241997249800076e-12,3.362995874700115e-13,3.2064445e-12,3.2064445000000013e-13,2.4093567634081e-18,3.614035145112149e-19,3.4457976e-18,3.4457976000000003e-19,0,0,0,0,3.5502799420088404e-09,5.325419913013258e-10,5.077515413781031e-09,5.07751541378103e-10,-1.45E-11,-2.17E-12,-2.07E-11,-2.07E-12,,,,,,,,,,,,,,,,,,,,,,,,,,,,,,,,,,,,,,,,,,,,,,,,,,,,,
11664,2M-2134,2022 Q1,ALUMINA,Raw Material,METHANOL FROM BIOMASS PROCESS,2021,Germany,METHANOL,0,kg/kg,MM KG/yr,Recipe,IHS PEP,0,"sodium aluminate, powder",0,0,3.5834181584625227,0.3583418158462523,0,0,3.183709812768102,0.3183709812768102,0,0,2.9462370693689004,0.294623707,0,0,0.003891213,0.000389121,0,0,8.21843929e-09,8.21843929e-10,0,0,5.1881575029e-05,5.1881575029e-06,0,0,7.4952840529913e-08,7.4952840529913e-09,0,0,0.006926801,0.00069268,0,0,1.6612482e-10,1.6612482000000003e-11,0,0,4.0748222e-16,4.0748222000000005e-17,0,0,0,0,0,0,1.212177716296736e-07,1.2121777162967362e-08,0,0,1.0742011e-09,1.0742011e-10,,,,,,,,,,,,,,,,,,,,,,,,,,,,,,,,,,,,,,,,,,,,,,,,,,,,,
11665,2M-2134,2022 Q1,CATALYST,Raw Material,METHANOL FROM BIOMASS PROCESS,2021,Germany,METHANOL,,,MM KG/yr,Recipe,IHS PEP,,,,,,,,,,,,,,,,,,,,,,,,,,,,,,,,,,,,,,,,,,,,,,,,,,,,,,,,,,,,,,,,,,,,,,,,,,,,,,,,,,,,,,,,,,,,,,,,,,,,,,,,,,,
11666,2M-2134,2022 Q1,MAGNESIUM OXIDE,Raw Material,METHANOL FROM BIOMASS PROCESS,2021,Germany,METHANOL,0.003241206,kg/kg,MM KG/yr,Recipe,IHS PEP,0.00016206,magnesium oxide,0.003906474,0.000585971,1.2052533147373836,0.1205253314737383,0.0037513,0.000562695,1.1573776774786106,0.115737768,0.003634736,0.00054521,1.121414745,0.112141475,1.6821017528231478e-05,2.52315262923454e-06,0.00518974,0.000518974,3.1072145103089935e-12,4.660821765463154e-13,9.586599807e-10,9.586599807e-11,3.188882808414218e-08,4.7833242126209825e-09,9.83856866472e-06,9.83856866472e-07,9.949288941094567e-12,1.492393341164078e-12,3.0696255802757403e-09,3.0696255802757405e-10,1.2575219773891526e-06,1.88628296608388e-07,0.00038798,3.879796488379885e-05,6.548590356783814e-14,9.82288553517501e-15,2.0204178e-11,2.0204178e-12,6.288700409547635e-19,9.433050614320777e-20,1.9402347e-16,1.9402347000000004e-17,0,0,0,0,1.093443924397075e-10,1.6401658865954943e-11,3.373571177597233e-08,3.373571177597233e-09,1.687213040200977e-13,2.5308195603012835e-14,5.20551e-11,5.20551e-12,,,,,,,,,,,,,,,,,,,,,,,,,,,,,,,,,,,,,,,,,,,,,,,,,,,,,
11667,2M-2134,2022 Q1,WOOD CHIPS,Raw Material,METHANOL FROM BIOMASS PROCESS,2021,Germany,METHANOL,0.051507538,kg/kg,MM KG/yr,Recipe,IHS PEP,0.002575377,"wood chips, dry, measured as dry mass",0.030441103,0.004566165,0.5910028687468701,0.059100287,0.02991186,0.004486779,0.580727817,0.058072782,0.029108637,0.004366296,0.565133541,0.056513354,4.917934432292807e-05,7.376901648436102e-06,0.000954799,9.54798977586e-05,1.5190259871859353e-12,2.2785389807788975e-13,2.94913338e-11,2.94913338e-12,1.2417795610927431e-06,1.8626693416391105e-07,2.410869586902e-05,2.410869586902e-06,6.348374097037533e-09,9.522561145556276e-10,1.2325136051809409e-07,1.2325136051809409e-08,5.007007453164655e-06,7.510511179746964e-07,9.720921787119636e-05,9.720921787119638e-06,1.3586601118090502e-12,2.0379901677135705e-13,2.6377889e-11,2.6377889e-12,1.1991899422110596e-17,1.7987849133165853e-18,2.3281834e-16,2.3281834e-17,0,0,0,0,-8.31E-11,-1.25E-11,-1.61E-09,-1.61E-10,3.755552201005039e-12,5.633328301507544e-13,7.2912672e-11,7.291267200000001e-12,,,,,,,,,,,,,,,,,,,,,,,,,,,,,,,,,,,,,,,,,,,,,,,,,,,,,
10963,2M-2044,2021 Q3,OXYGEN (95 MOLE %),By-Product,"AMMONIA, GREEN PRODUCTION",2020,Germany,AMMONIA,-1.88,kg/kg,MM KG/yr,Recipe,IHS PEP,0.094,,,,,,,,,,,,,,,,,,,,,,,,,,,,,,,,,,,,,,,,,,,,,,,,,,,,,,,,,,,,,,,,,,,,,,,,,,,,,,,,,,,,,,,,,,,,,,,,,,,,,,,,,,
65,2M-2044,2021 Q3,AMMONIA,Direct Process,"AMMONIA, GREEN PRODUCTION",2020,Germany,AMMONIA,1,kg/kg,MM KG/yr,Chemical,IHS PEP,0,,0.8625099229087987,0.008625099,,,0.8625099229087987,0.008625099,,,0.8625099229087987,0.008625099,,,0,0,,,0,0,,,0,0,,,0,0,,,0,0,,,0,0,,,0,0,,,0,0,,,0,0,,,0,0,,,,,,,,,,,,,,,,,,,,,,,,,,,,,,,,,,,,,,,,,,,,,,,,,,,,,,,
4182,2M-2044,2021 Q3,COOLING WATER,Direct Utilities,"AMMONIA, GREEN PRODUCTION",2020,Germany,AMMONIA,342.1614213,kg/kg,MM KG/yr,Utilities,IHS PEP,17.10807106,COOLING WATER,0,0,0,0,0,0,0,0,0,0,0,0,0,0,0,0,0,0,0,0,0,0,0,0,0,0,0,0,0,0,0,0,0,0,0,0,0,0,0,0,0,0,0,0,0,0,0,0,0,0,0,0,,,,,,,,,,,,,,,,,,,,,,,,,,,,,,,,,,,,,,,,,,,,,,,,,,,,,
4183,2M-2044,2021 Q3,ELECTRICITY,Direct Utilities,"AMMONIA, GREEN PRODUCTION",2020,Germany,AMMONIA,10.52045915,kWh/kg,MM KG/yr,Utilities,IHS PEP,0.526022958,ELECTRICITY,0,0,0,0,0,0,0,0,0,0,0,0,0,0,0,0,0,0,0,0,0,0,0,0,0,0,0,0,0,0,0,0,0,0,0,0,0,0,0,0,0,0,0,0,0,0,0,0,0,0,0,0,,,,,,,,,,,,,,,,,,,,,,,,,,,,,,,,,,,,,,,,,,,,,,,,,,,,,
4184,2M-2044,2021 Q3,PROCESS WATER,Direct Utilities,"AMMONIA, GREEN PRODUCTION",2020,Germany,AMMONIA,2.071328409,kg/kg,MM KG/yr,Utilities,IHS PEP,0.1035664204404495,PROCESS WATER,0,0,0,0,0,0,0,0,0,0,0,0,0,0,0,0,0,0,0,0,0,0,0,0,0,0,0,0,0,0,0,0,0,0,0,0,0,0,0,0,0,0,0,0,0,0,0,0,0,0,0,0,,,,,,,,,,,,,,,,,,,,,,,,,,,,,,,,,,,,,,,,,,,,,,,,,,,,,
10965,2M-2044,2021 Q3,COOLING WATER,Indirect Utilities,"AMMONIA, GREEN PRODUCTION",2020,Germany,AMMONIA,342.1614213,kg/kg,MM KG/yr,Utilities,IHS PEP,17.10807106,,,,,,,,,,,,,,,,,,,,,,,,,,,,,,,,,,,,,,,,,,,,,,,,,,,,,,,,,,,,,,,,,,,,,,,,,,,,,,,,,,,,,,,,,,,,,,,,,,,,,,,,,,
10966,2M-2044,2021 Q3,ELECTRICITY,Indirect Utilities,"AMMONIA, GREEN PRODUCTION",2020,Germany,AMMONIA,10.52045915,kWh/kg,MM KG/yr,Utilities,IHS PEP,0.526022958,"electricity, medium voltage",6.995148265406296,1.0492722398109438,0.6649090277047398,0.066490903,6.154902108249097,0.9232353162373635,0.5850412058672869,0.058504121,5.603132548003202,0.8404698822004794,0.5325939169892919,0.053259392,0.003960129,0.000594019,0.000376422,3.764217053283001e-05,2.46049572789508e-08,3.690743591842619e-09,2.3387721889999997e-09,2.3387721889999997e-10,0.000184952,2.774278006863273e-05,1.758020866404e-05,1.758020866404e-06,5.079422161671247e-08,7.619133242506872e-09,4.828137335588799e-09,4.8281373355888e-10,0.015108925,0.002266339,0.001436147,0.000143615,2.6708192859593404e-11,4.006228928939011e-12,2.5386908e-12,2.5386908e-13,1.239792556298957e-16,1.859688834448436e-17,1.1784586e-17,1.1784586000000002e-18,0,0,0,0,1.627378475667287e-06,2.441067713500931e-07,1.5468702004713098e-07,1.54687020047131e-08,9.637260188217048e-11,1.4455890282325576e-11,9.1604939e-12,9.1604939e-13,,,,,,,,,,,,,,,,,,,,,,,,,,,,,,,,,,,,,,,,,,,,,,,,,,,,,
10967,2M-2044,2021 Q3,PROCESS WATER,Indirect Utilities,"AMMONIA, GREEN PRODUCTION",2020,Germany,AMMONIA,2.071328409,kg/kg,MM KG/yr,Utilities,IHS PEP,0.1035664204404495,,,,,,,,,,,,,,,,,,,,,,,,,,,,,,,,,,,,,,,,,,,,,,,,,,,,,,,,,,,,,,,,,,,,,,,,,,,,,,,,,,,,,,,,,,,,,,,,,,,,,,,,,,
10964,2M-2044,2021 Q3,CATALYST AND CHEMICALS,Raw Material,"AMMONIA, GREEN PRODUCTION",2020,Germany,AMMONIA,,,MM KG/yr,Recipe,IHS PEP,,,,,,,,,,,,,,,,,,,,,,,,,,,,,,,,,,,,,,,,,,,,,,,,,,,,,,,,,,,,,,,,,,,,,,,,,,,,,,,,,,,,,,,,,,,,,,,,,,,,,,,,,,,
2368,2M-1599,2021 Q3,COOLING WATER,Direct Utilities,"BIO-BASED 1,3-BUTADIENE PRODUCTION BY AN INDIRECT ROUTE VIA 1,3-BUTANEDIOL SIMILAR TO GENOMATICA PROCESS",2014,Germany,BUTADIENE,403.0828451,kg/kg,MM KG/yr,Utilities,IHS PEP,20.15414225331876,COOLING WATER,0,0,0,0,0,0,0,0,0,0,0,0,0,0,0,0,0,0,0,0,0,0,0,0,0,0,0,0,0,0,0,0,0,0,0,0,0,0,0,0,0,0,0,0,0,0,0,0,0,0,0,0,,,,,,,,,,,,,,,,,,,,,,,,,,,,,,,,,,,,,,,,,,,,,,,,,,,,,
2369,2M-1599,2021 Q3,ELECTRICITY,Direct Utilities,"BIO-BASED 1,3-BUTADIENE PRODUCTION BY AN INDIRECT ROUTE VIA 1,3-BUTANEDIOL SIMILAR TO GENOMATICA PROCESS",2014,Germany,BUTADIENE,2.0835447474568403,kWh/kg,MM KG/yr,Utilities,IHS PEP,0.104177237,ELECTRICITY,0,0,0,0,0,0,0,0,0,0,0,0,0,0,0,0,0,0,0,0,0,0,0,0,0,0,0,0,0,0,0,0,0,0,0,0,0,0,0,0,0,0,0,0,0,0,0,0,0,0,0,0,,,,,,,,,,,,,,,,,,,,,,,,,,,,,,,,,,,,,,,,,,,,,,,,,,,,,
2372,2M-1599,2021 Q3,NATURAL GAS,Direct Utilities,"BIO-BASED 1,3-BUTADIENE PRODUCTION BY AN INDIRECT ROUTE VIA 1,3-BUTANEDIOL SIMILAR TO GENOMATICA PROCESS",2014,Germany,BUTADIENE,0.1093323773103891,kg/kg,MM KG/yr,Utilities,IHS PEP,0.005466619,NATURAL GAS,0.2951974187380506,0.025693109,2.7,0.1,0.2951974187380506,0.025693109,2.7,0.1,0.2951974187380506,0.025693109,2.7,0.1,0,0,0,0,0,0,0,0,0,0,0,0,0,0,0,0,0,0,0,0,0,0,0,0,0,0,0,0,0,0,0,0,0,0,0,0,0,0,0,0,,,,,,,,,,,,,,,,,,,,,,,,,,,,,,,,,,,,,,,,,,,,,,,,,,,,,
2370,2M-1599,2021 Q3,PROCESS WATER,Direct Utilities,"BIO-BASED 1,3-BUTADIENE PRODUCTION BY AN INDIRECT ROUTE VIA 1,3-BUTANEDIOL SIMILAR TO GENOMATICA PROCESS",2014,Germany,BUTADIENE,9.680664602,kg/kg,MM KG/yr,Utilities,IHS PEP,0.4840332301004095,PROCESS WATER,0,0,0,0,0,0,0,0,0,0,0,0,0,0,0,0,0,0,0,0,0,0,0,0,0,0,0,0,0,0,0,0,0,0,0,0,0,0,0,0,0,0,0,0,0,0,0,0,0,0,0,0,,,,,,,,,,,,,,,,,,,,,,,,,,,,,,,,,,,,,,,,,,,,,,,,,,,,,
2371,2M-1599,2021 Q3,STEAM,Direct Utilities,"BIO-BASED 1,3-BUTADIENE PRODUCTION BY AN INDIRECT ROUTE VIA 1,3-BUTANEDIOL SIMILAR TO GENOMATICA PROCESS",2014,Germany,BUTADIENE,10.227,kg/kg,MM KG/yr,Utilities,IHS PEP,0.5113500000000001,STEAM,0,0,0,0,0,0,0,0,0,0,0,0,0,0,0,0,0,0,0,0,0,0,0,0,0,0,0,0,0,0,0,0,0,0,0,0,0,0,0,0,0,0,0,0,0,0,0,0,0,0,0,0,,,,,,,,,,,,,,,,,,,,,,,,,,,,,,,,,,,,,,,,,,,,,,,,,,,,,
6071,2M-1599,2021 Q3,COOLING WATER,Indirect Utilities,"BIO-BASED 1,3-BUTADIENE PRODUCTION BY AN INDIRECT ROUTE VIA 1,3-BUTANEDIOL SIMILAR TO GENOMATICA PROCESS",2014,Germany,BUTADIENE,403.0828451,kg/kg,MM KG/yr,Utilities,IHS PEP,20.15414225331876,,,,,,,,,,,,,,,,,,,,,,,,,,,,,,,,,,,,,,,,,,,,,,,,,,,,,,,,,,,,,,,,,,,,,,,,,,,,,,,,,,,,,,,,,,,,,,,,,,,,,,,,,,
6072,2M-1599,2021 Q3,ELECTRICITY,Indirect Utilities,"BIO-BASED 1,3-BUTADIENE PRODUCTION BY AN INDIRECT ROUTE VIA 1,3-BUTANEDIOL SIMILAR TO GENOMATICA PROCESS",2014,Germany,BUTADIENE,2.0835447474568403,kWh/kg,MM KG/yr,Utilities,IHS PEP,0.104177237,"electricity, medium voltage",1.3853677122108452,0.2078051568316266,0.6649090277047398,0.066490903,1.2189595315306017,0.18284393,0.5850412058672869,0.058504121,1.1096832582705036,0.1664524887405753,0.5325939169892919,0.053259392,0.000784291,0.000117644,0.000376422,3.764217053283001e-05,4.872936509889086e-09,7.309404764833627e-10,2.3387721889999997e-09,2.3387721889999997e-10,3.662915142115578e-05,5.494372713173366e-06,1.758020866404e-05,1.758020866404e-06,1.0059640185566309e-08,1.5089460278349463e-09,4.828137335588799e-09,4.8281373355888e-10,0.002992276,0.000448841,0.001436147,0.000143615,5.289475881757004e-12,7.934213822635508e-13,2.5386908e-12,2.5386908e-13,2.4553712261253416e-17,3.683056839188013e-18,1.1784586e-17,1.1784586000000002e-18,0,0,0,0,3.222973281189507e-07,4.83445992178426e-08,1.5468702004713098e-07,1.54687020047131e-08,1.9086298949455424e-11,2.862944842418314e-12,9.1604939e-12,9.1604939e-13,,,,,,,,,,,,,,,,,,,,,,,,,,,,,,,,,,,,,,,,,,,,,,,,,,,,,
6075,2M-1599,2021 Q3,NATURAL GAS,Indirect Utilities,"BIO-BASED 1,3-BUTADIENE PRODUCTION BY AN INDIRECT ROUTE VIA 1,3-BUTANEDIOL SIMILAR TO GENOMATICA PROCESS",2014,Germany,BUTADIENE,0.1093323773103891,kg/kg,MM KG/yr,Utilities,IHS PEP,0.005466619,"natural gas, high pressure",0.082156381,0.012323457,0.7514368803090485,0.075143688,0.043142614,0.006471392,0.394600531,0.039460053,0.021835692,0.003275354,0.199718439,0.019971844,5.9638498594497626e-05,8.945774789174616e-06,0.000545479,5.454788422389e-05,2.1470090928138965e-13,3.2205136392208333e-14,1.963744999999996e-12,1.9637449999999962e-13,3.971563406514988e-07,5.957345109772464e-08,3.632559269465e-06,3.632559269465e-07,4.265870526772616e-11,6.398805790158904e-12,3.901744964954e-10,3.901744964954e-11,0.000704464,0.00010567,0.006443321,0.000644332,3.505681998988219e-13,5.2585229984823124e-14,3.2064445e-12,3.2064445000000013e-13,3.7673724333843322e-19,5.651058650076481e-20,3.4457976e-18,3.4457976000000003e-19,0,0,0,0,5.55136831018824e-10,8.327052465282333e-11,5.077515413781031e-09,5.07751541378103e-10,-2.26E-12,-3.40E-13,-2.07E-11,-2.07E-12,,,,,,,,,,,,,,,,,,,,,,,,,,,,,,,,,,,,,,,,,,,,,,,,,,,,,
6073,2M-1599,2021 Q3,PROCESS WATER,Indirect Utilities,"BIO-BASED 1,3-BUTADIENE PRODUCTION BY AN INDIRECT ROUTE VIA 1,3-BUTANEDIOL SIMILAR TO GENOMATICA PROCESS",2014,Germany,BUTADIENE,9.680664602,kg/kg,MM KG/yr,Utilities,IHS PEP,0.4840332301004095,,,,,,,,,,,,,,,,,,,,,,,,,,,,,,,,,,,,,,,,,,,,,,,,,,,,,,,,,,,,,,,,,,,,,,,,,,,,,,,,,,,,,,,,,,,,,,,,,,,,,,,,,,
6074,2M-1599,2021 Q3,STEAM,Indirect Utilities,"BIO-BASED 1,3-BUTADIENE PRODUCTION BY AN INDIRECT ROUTE VIA 1,3-BUTANEDIOL SIMILAR TO GENOMATICA PROCESS",2014,Germany,BUTADIENE,10.227,kg/kg,MM KG/yr,Utilities,IHS PEP,0.5113500000000001,"steam, in chemical industry",3.2207479298546864,0.4831121894782025,0.3149259733895264,0.031492597,2.9423806706252016,0.4413571005937798,0.2877071155397674,0.028770712,2.7827766705805645,0.4174165005870839,0.2721009749272088,0.027210097,0.001597649,0.000239647,0.000156219,1.5621871312179997e-05,3.352946883426e-10,5.029420325139001e-11,3.27852438e-11,3.27852438e-12,2.3633777792264303e-05,3.5450666688396463e-06,2.310919897552e-06,2.3109198975520002e-07,2.1493488815368066e-08,3.22402332230521e-09,2.1016416168346598e-09,2.10164161683466e-10,0.00491324,0.000736986,0.000480418,4.804184542818481e-05,1.6581424748700002e-10,2.4872137123050008e-11,1.6213381e-11,1.621338100000001e-12,1.7915257701600002e-17,2.68728865524e-18,1.7517608e-18,1.7517608e-19,0,0,0,0,3.605591753214981e-08,5.4083876298224715e-09,3.525561507005945e-09,3.5255615070059456e-10,4.21297102611e-10,6.319456539165001e-11,4.1194593e-11,4.1194593e-12,,,,,,,,,,,,,,,,,,,,,,,,,,,,,,,,,,,,,,,,,,,,,,,,,,,,,
6069,2M-1599,2021 Q3,CATALYST AND CHEMICALS,Raw Material,"BIO-BASED 1,3-BUTADIENE PRODUCTION BY AN INDIRECT ROUTE VIA 1,3-BUTANEDIOL SIMILAR TO GENOMATICA PROCESS",2014,Germany,BUTADIENE,,,MM KG/yr,Recipe,IHS PEP,,,,,,,,,,,,,,,,,,,,,,,,,,,,,,,,,,,,,,,,,,,,,,,,,,,,,,,,,,,,,,,,,,,,,,,,,,,,,,,,,,,,,,,,,,,,,,,,,,,,,,,,,,,
6070,2M-1599,2021 Q3,GLUCOSE,Raw Material,"BIO-BASED 1,3-BUTADIENE PRODUCTION BY AN INDIRECT ROUTE VIA 1,3-BUTANEDIOL SIMILAR TO GENOMATICA PROCESS",2014,Germany,BUTADIENE,4.556,kg/kg,MM KG/yr,Recipe,IHS PEP,0.2278,glucose,7.658842751430927,1.1488264127146393,1.681045380033127,0.1681045380033127,6.534259769750322,0.9801389654625482,1.4342097826493243,0.1434209782649324,5.312578741665995,0.7968868112498994,1.166062059,0.116606206,0.010713071,0.001606961,0.00235142,0.000235142,4.7023573116692e-07,7.0535359675038e-08,1.0321240807e-07,1.0321240807e-08,0.002205004,0.000330751,0.000483978,4.839780674632e-05,5.487234459421251e-07,8.230851689131877e-08,1.20439737915304e-07,1.20439737915304e-08,0.019578276,0.002936741,0.004297251,0.000429725,2.1752651613999999e-10,3.2628977421e-11,4.7745065e-11,4.7745065000000004e-12,3.5463252036400005e-15,5.31948780546e-16,7.783856900000001e-16,7.7838569e-17,0,0,0,0,5.775659110230787e-07,8.663488665346182e-08,1.26770393113055e-07,1.2677039311305502e-08,2.86504096448e-09,4.2975614467200005e-10,6.2885008e-10,6.2885008e-11,,,,,,,,,,,,,,,,,,,,,,,,,,,,,,,,,,,,,,,,,,,,,,,,,,,,,
4953,2M-1489,2022 Q1,ETHYLENE,By-Product,METHANOL TO PROPYLENE BY THE LURGI MTP PROCESS UPDATED,2013,Germany,"PROPYLENE, POLYMER GRADE",-0.0485,kg/kg,MM KG/yr,Recipe,IHS PEP,0.002425,ethylene,-0.099105458,-0.004955273,2.043411501234249,0.2043411501234249,-0.070351659,-0.003517583,1.4505496723118871,0.1450549672311887,-0.054682201,-0.00273411,1.1274680664904886,0.1127468066490488,-9.23E-05,-4.61E-06,0.001902222,0.000190222,-1.86E-13,-9.32E-15,3.84276578e-12,3.84276578e-13,-3.34E-09,-1.67E-10,6.87902350314e-08,6.879023503140001e-09,5.617391783351469e-12,2.8086958916757345e-13,-1.16E-10,-1.16E-11,-0.000515056,-2.58E-05,0.010619702,0.00106197,-1.90E-14,-9.52E-16,3.9258789e-13,3.9258789000000005e-14,-3.68E-20,-1.84E-21,7.5923949e-19,7.592394900000002e-20,0,0,0,0,2.0372641292306085e-12,1.0186320646153045e-13,-4.20E-11,-4.20E-12,-7.13E-14,-3.56E-15,1.470036e-12,1.4700360000000001e-13,ethylene; production mix,-0.094182169,-0.004709108,1.9419003995640367,0.1941900399564037,-0.078026439,-0.003901322,1.6087925471595217,0.1608792547159521,-0.068838174,-0.003441909,1.4193437988798874,0.1419343798879886,-4.87E-05,-2.44E-06,0.001004665,0.000100467,-2.28E-10,-1.14E-11,4.6958945848631405e-09,4.695894584863141e-10,-1.45E-06,-7.27E-08,2.997053780599335e-05,2.9970537805993352e-06,-8.38E-10,-4.19E-11,1.7278321007988104e-08,1.7278321007988107e-09,-0.00028975,-1.45E-05,0.005974229,0.000597423,0,0,0,0,-1.30E-15,-6.50E-17,2.6789692357504745e-14,2.6789692357504745e-15,0,0,0,0,-1.92E-09,-9.61E-11,3.963605495557695e-08,3.963605495557695e-09,0,0,0,0
4954,2M-1489,2022 Q1,GASOLINE,By-Product,METHANOL TO PROPYLENE BY THE LURGI MTP PROCESS UPDATED,2013,Germany,"PROPYLENE, POLYMER GRADE",-0.2807112,kg/kg,MM KG/yr,Recipe,IHS PEP,0.01403556,,,,,,,,,,,,,,,,,,,,,,,,,,,,,,,,,,,,,,,,,,,,,,,,,,,,,,,,,,,,,,,,,,,,,,,,,,,,,,,,,,,,,,,,,,,,,,,,,,,,,,,,,,
4955,2M-1489,2022 Q1,LPG,By-Product,METHANOL TO PROPYLENE BY THE LURGI MTP PROCESS UPDATED,2013,Germany,"PROPYLENE, POLYMER GRADE",-0.037,kg/kg,MM KG/yr,Recipe,IHS PEP,0.00185,,,,,,,,,,,,,,,,,,,,,,,,,,,,,,,,,,,,,,,,,,,,,,,,,,,,,,,,,,,,,,,,,,,,,,,,,,,,,,,,,,,,,,,,,,,,,,,,,,,,,,,,,,
1886,2M-1489,2022 Q1,COOLING WATER,Direct Utilities,METHANOL TO PROPYLENE BY THE LURGI MTP PROCESS UPDATED,2013,Germany,"PROPYLENE, POLYMER GRADE",382.2193438,kg/kg,MM KG/yr,Utilities,IHS PEP,19.11096719,COOLING WATER,0,0,0,0,0,0,0,0,0,0,0,0,0,0,0,0,0,0,0,0,0,0,0,0,0,0,0,0,0,0,0,0,0,0,0,0,0,0,0,0,0,0,0,0,0,0,0,0,0,0,0,0,,,,,,,,,,,,,,,,,,,,,,,,,,,,,,,,,,,,,,,,,,,,,,,,,,,,,
1887,2M-1489,2022 Q1,ELECTRICITY,Direct Utilities,METHANOL TO PROPYLENE BY THE LURGI MTP PROCESS UPDATED,2013,Germany,"PROPYLENE, POLYMER GRADE",0.252114029,kWh/kg,MM KG/yr,Utilities,IHS PEP,0.012605701,ELECTRICITY,0,0,0,0,0,0,0,0,0,0,0,0,0,0,0,0,0,0,0,0,0,0,0,0,0,0,0,0,0,0,0,0,0,0,0,0,0,0,0,0,0,0,0,0,0,0,0,0,0,0,0,0,,,,,,,,,,,,,,,,,,,,,,,,,,,,,,,,,,,,,,,,,,,,,,,,,,,,,
1888,2M-1489,2022 Q1,STEAM,Direct Utilities,METHANOL TO PROPYLENE BY THE LURGI MTP PROCESS UPDATED,2013,Germany,"PROPYLENE, POLYMER GRADE",4.988,kg/kg,MM KG/yr,Utilities,IHS PEP,0.2494,STEAM,0,0,0,0,0,0,0,0,0,0,0,0,0,0,0,0,0,0,0,0,0,0,0,0,0,0,0,0,0,0,0,0,0,0,0,0,0,0,0,0,0,0,0,0,0,0,0,0,0,0,0,0,,,,,,,,,,,,,,,,,,,,,,,,,,,,,,,,,,,,,,,,,,,,,,,,,,,,,
4958,2M-1489,2022 Q1,COOLING WATER,Indirect Utilities,METHANOL TO PROPYLENE BY THE LURGI MTP PROCESS UPDATED,2013,Germany,"PROPYLENE, POLYMER GRADE",382.2193438,kg/kg,MM KG/yr,Utilities,IHS PEP,19.11096719,,,,,,,,,,,,,,,,,,,,,,,,,,,,,,,,,,,,,,,,,,,,,,,,,,,,,,,,,,,,,,,,,,,,,,,,,,,,,,,,,,,,,,,,,,,,,,,,,,,,,,,,,,
4959,2M-1489,2022 Q1,ELECTRICITY,Indirect Utilities,METHANOL TO PROPYLENE BY THE LURGI MTP PROCESS UPDATED,2013,Germany,"PROPYLENE, POLYMER GRADE",0.252114029,kWh/kg,MM KG/yr,Utilities,IHS PEP,0.012605701,"electricity, medium voltage",0.1676328940039948,0.025144934,0.6649090277047398,0.066490903,0.1474970956397816,0.022124564,0.5850412058672869,0.058504121,0.1342743983218773,0.02014116,0.5325939169892919,0.053259392,9.490119279614056e-05,1.4235178919421086e-05,0.000376422,3.764217053283001e-05,5.896372798719531e-10,8.844559198079296e-11,2.3387721889999997e-09,2.3387721889999997e-10,4.432217239883508e-06,6.648325859825261e-07,1.758020866404e-05,1.758020866404e-06,1.2172411570457576e-09,1.8258617355686367e-10,4.828137335588799e-09,4.8281373355888e-10,0.000362073,5.431091926084763e-05,0.001436147,0.000143615,6.400395663965853e-13,9.600593495948781e-14,2.5386908e-12,2.5386908e-13,2.971059458522192e-18,4.456589187783288e-19,1.1784586e-17,1.1784586000000002e-18,0,0,0,0,3.899876788388157e-08,5.849815182582236e-09,1.5468702004713098e-07,1.54687020047131e-08,2.309489026286527e-12,3.464233539429791e-13,9.1604939e-12,9.1604939e-13,,,,,,,,,,,,,,,,,,,,,,,,,,,,,,,,,,,,,,,,,,,,,,,,,,,,,
4960,2M-1489,2022 Q1,STEAM,Indirect Utilities,METHANOL TO PROPYLENE BY THE LURGI MTP PROCESS UPDATED,2013,Germany,"PROPYLENE, POLYMER GRADE",4.988,kg/kg,MM KG/yr,Utilities,IHS PEP,0.2494,"steam, in chemical industry",1.5708507552669575,0.2356276132900434,0.3149259733895264,0.031492597,1.435083092,0.2152624638468537,0.2877071155397674,0.028770712,1.3572396629369177,0.2035859494405372,0.2721009749272088,0.027210097,0.000779219,0.000116883,0.000156219,1.5621871312179997e-05,1.635327960744e-10,2.452991941116e-11,3.27852438e-11,3.27852438e-12,1.1526868448989376e-05,1.7290302673484063e-06,2.310919897552e-06,2.3109198975520002e-07,1.0482988384771284e-08,1.5724482577156923e-09,2.1016416168346598e-09,2.10164161683466e-10,0.002396327,0.000359449,0.000480418,4.804184542818481e-05,8.087234442800001e-11,1.2130851664200004e-11,1.6213381e-11,1.621338100000001e-12,8.7377828704e-18,1.3106674305600001e-18,1.7517608e-18,1.7517608e-19,0,0,0,0,1.7585500796945658e-08,2.637825119541848e-09,3.525561507005945e-09,3.5255615070059456e-10,2.05478629884e-10,3.08217944826e-11,4.1194593e-11,4.1194593e-12,,,,,,,,,,,,,,,,,,,,,,,,,,,,,,,,,,,,,,,,,,,,,,,,,,,,,
4956,2M-1489,2022 Q1,CATALYST AND CHEMICALS,Raw Material,METHANOL TO PROPYLENE BY THE LURGI MTP PROCESS UPDATED,2013,Germany,"PROPYLENE, POLYMER GRADE",,,MM KG/yr,Recipe,IHS PEP,,,,,,,,,,,,,,,,,,,,,,,,,,,,,,,,,,,,,,,,,,,,,,,,,,,,,,,,,,,,,,,,,,,,,,,,,,,,,,,,,,,,,,,,,,,,,,,,,,,,,,,,,,,
4957,2M-1489,2022 Q1,METHANOL,Raw Material,METHANOL TO PROPYLENE BY THE LURGI MTP PROCESS UPDATED,2013,Germany,"PROPYLENE, POLYMER GRADE",3.46352201,kg/kg,MM KG/yr,Recipe,IHS PEP,0.173176101,methanol,5.221389699111458,0.7832084548667186,1.5075376116679522,0.1507537611667952,3.637012071351969,0.5455518107027952,1.0500906478186274,0.1050090647818627,2.7674775987499665,0.4151216398124947,0.7990356609992278,0.079903566,0.003229635,0.000484445,0.000932471,9.324712343671e-05,4.070564608130936e-09,6.105846912196406e-10,1.1752674289999998e-09,1.1752674289999998e-10,2.2038925722451502e-05,3.3058388583677265e-06,6.3631545167000025e-06,6.363154516700003e-07,-2.98E-08,-4.46E-09,-8.59E-09,-8.59E-10,0.028535814,0.004280372,0.008238959,0.000823896,2.46673973670295e-11,3.700109605054425e-12,7.1220559e-12,7.122055900000005e-13,-1.61E-16,-2.41E-17,-4.64E-17,-4.64E-18,0,0,0,0,5.327626551378394e-08,7.991439827067591e-09,1.5382106814380313e-08,1.538210681438031e-09,5.379829165757069e-10,8.069743748635603e-11,1.5532828e-10,1.5532828e-11,methanol; production mix,9.941306015487044,1.491195902323057,2.870288101651933,0.2870288101651933,7.366720228390601,1.1050080342585895,2.1269448286581323,0.2126944828658132,5.902239610017098,0.8853359415025648,1.7041149421755168,0.1704114942175517,0.002252971,0.000337946,0.000650486,6.504855520145e-05,6.312874631675625e-09,9.46931194751344e-10,1.822674899484135e-09,1.8226748994841352e-10,0.000247022,3.705333497875178e-05,7.132110968810444e-05,7.132110968810444e-06,1.9990322097095515e-08,2.998548314564327e-09,5.771674624450428e-09,5.771674624450425e-10,0.046697814,0.007004672,0.013482754,0.001348275,0,0,0,0,2.030106432557508e-14,3.045159648836264e-15,5.861393190572047e-15,5.861393190572047e-16,0,0,0,0,1.1559404700934045e-07,1.7339107051401068e-08,3.3374711253815993e-08,3.337471125381599e-09,0,0,0,0
5346,2M-1524,2022 Q1,FUEL GAS,By-Product,P-XYLENE FROM SABIC ALKYLATION PROCESS TECHNOLOGY,2013,Germany,P-XYLENE,-0.111185468,kg/kg,MM KG/yr,Recipe,IHS PEP,0.005559273,,,,,,,,,,,,,,,,,,,,,,,,,,,,,,,,,,,,,,,,,,,,,,,,,,,,,,,,,,,,,,,,,,,,,,,,,,,,,,,,,,,,,,,,,,,,,,,,,,,,,,,,,,
2055,2M-1524,2022 Q1,COOLING WATER,Direct Utilities,P-XYLENE FROM SABIC ALKYLATION PROCESS TECHNOLOGY,2013,Germany,P-XYLENE,126.0155478,kg/kg,MM KG/yr,Utilities,IHS PEP,6.300777392,COOLING WATER,0,0,0,0,0,0,0,0,0,0,0,0,0,0,0,0,0,0,0,0,0,0,0,0,0,0,0,0,0,0,0,0,0,0,0,0,0,0,0,0,0,0,0,0,0,0,0,0,0,0,0,0,,,,,,,,,,,,,,,,,,,,,,,,,,,,,,,,,,,,,,,,,,,,,,,,,,,,,
2056,2M-1524,2022 Q1,ELECTRICITY,Direct Utilities,P-XYLENE FROM SABIC ALKYLATION PROCESS TECHNOLOGY,2013,Germany,P-XYLENE,0.565706165,kWh/kg,MM KG/yr,Utilities,IHS PEP,0.028285308,ELECTRICITY,0,0,0,0,0,0,0,0,0,0,0,0,0,0,0,0,0,0,0,0,0,0,0,0,0,0,0,0,0,0,0,0,0,0,0,0,0,0,0,0,0,0,0,0,0,0,0,0,0,0,0,0,,,,,,,,,,,,,,,,,,,,,,,,,,,,,,,,,,,,,,,,,,,,,,,,,,,,,
2058,2M-1524,2022 Q1,NATURAL GAS,Direct Utilities,P-XYLENE FROM SABIC ALKYLATION PROCESS TECHNOLOGY,2013,Germany,P-XYLENE,0.1130385595920966,kg/kg,MM KG/yr,Utilities,IHS PEP,0.005651928,NATURAL GAS,0.3052041108986608,0.026564062,2.7,0.1,0.3052041108986608,0.026564062,2.7,0.1,0.3052041108986608,0.026564062,2.7,0.1,0,0,0,0,0,0,0,0,0,0,0,0,0,0,0,0,0,0,0,0,0,0,0,0,0,0,0,0,0,0,0,0,0,0,0,0,0,0,0,0,,,,,,,,,,,,,,,,,,,,,,,,,,,,,,,,,,,,,,,,,,,,,,,,,,,,,
2057,2M-1524,2022 Q1,STEAM,Direct Utilities,P-XYLENE FROM SABIC ALKYLATION PROCESS TECHNOLOGY,2013,Germany,P-XYLENE,2.3,kg/kg,MM KG/yr,Utilities,IHS PEP,0.1149999999999999,STEAM,0,0,0,0,0,0,0,0,0,0,0,0,0,0,0,0,0,0,0,0,0,0,0,0,0,0,0,0,0,0,0,0,0,0,0,0,0,0,0,0,0,0,0,0,0,0,0,0,0,0,0,0,,,,,,,,,,,,,,,,,,,,,,,,,,,,,,,,,,,,,,,,,,,,,,,,,,,,,
5351,2M-1524,2022 Q1,COOLING WATER,Indirect Utilities,P-XYLENE FROM SABIC ALKYLATION PROCESS TECHNOLOGY,2013,Germany,P-XYLENE,126.0155478,kg/kg,MM KG/yr,Utilities,IHS PEP,6.300777392,,,,,,,,,,,,,,,,,,,,,,,,,,,,,,,,,,,,,,,,,,,,,,,,,,,,,,,,,,,,,,,,,,,,,,,,,,,,,,,,,,,,,,,,,,,,,,,,,,,,,,,,,,
5352,2M-1524,2022 Q1,ELECTRICITY,Indirect Utilities,P-XYLENE FROM SABIC ALKYLATION PROCESS TECHNOLOGY,2013,Germany,P-XYLENE,0.565706165,kWh/kg,MM KG/yr,Utilities,IHS PEP,0.028285308,"electricity, medium voltage",0.3761431359814017,0.05642147,0.6649090277047398,0.066490903,0.3309614168014904,0.049644213,0.5850412058672869,0.058504121,0.3012916621579246,0.045193749,0.5325939169892919,0.053259392,0.000212944,3.194161188841486e-05,0.000376422,3.764217053283001e-05,1.323057845301498e-09,1.9845867679522478e-10,2.3387721889999997e-09,2.3387721889999997e-10,9.945232419127036e-06,1.4917848628690554e-06,1.758020866404e-05,1.758020866404e-06,2.731307055081385e-09,4.0969605826220786e-10,4.828137335588799e-09,4.8281373355888e-10,0.000812437,0.000121866,0.001436147,0.000143615,1.4361530359957337e-12,2.1542295539936005e-13,2.5386908e-12,2.5386908e-13,6.666612949419764e-18,9.999919424129651e-19,1.1784586e-17,1.1784586000000002e-18,0,0,0,0,8.750740085000509e-08,1.3126110127500761e-08,1.5468702004713098e-07,1.54687020047131e-08,5.1821478715349655e-12,7.773221807302449e-13,9.1604939e-12,9.1604939e-13,,,,,,,,,,,,,,,,,,,,,,,,,,,,,,,,,,,,,,,,,,,,,,,,,,,,,
5354,2M-1524,2022 Q1,NATURAL GAS,Indirect Utilities,P-XYLENE FROM SABIC ALKYLATION PROCESS TECHNOLOGY,2013,Germany,P-XYLENE,0.1130385595920966,kg/kg,MM KG/yr,Utilities,IHS PEP,0.005651928,"natural gas, high pressure",0.084941343,0.012741201,0.7514368803090485,0.075143688,0.044605076,0.006690761,0.394600531,0.039460053,0.022575885,0.003386383,0.199718439,0.019971844,6.166014261464976e-05,9.249021392197447e-06,0.000545479,5.454788422389e-05,2.219789062061813e-13,3.3296835930927146e-14,1.963744999999996e-12,1.9637449999999962e-13,4.106192674532423e-07,6.159289011798625e-08,3.632559269465e-06,3.632559269465e-07,4.410476307341156e-11,6.6157144610117216e-12,3.901744964954e-10,3.901744964954e-11,0.000728344,0.000109252,0.006443321,0.000644332,3.624518676920004e-13,5.4367780153799984e-14,3.2064445e-12,3.2064445000000013e-13,3.8950799734990347e-19,5.842619960248543e-20,3.4457976e-18,3.4457976000000003e-19,0,0,0,0,5.739550286804762e-10,8.609325430207125e-11,5.077515413781031e-09,5.07751541378103e-10,-2.34E-12,-3.51E-13,-2.07E-11,-2.07E-12,,,,,,,,,,,,,,,,,,,,,,,,,,,,,,,,,,,,,,,,,,,,,,,,,,,,,
5353,2M-1524,2022 Q1,STEAM,Indirect Utilities,P-XYLENE FROM SABIC ALKYLATION PROCESS TECHNOLOGY,2013,Germany,P-XYLENE,2.3,kg/kg,MM KG/yr,Utilities,IHS PEP,0.1149999999999999,"steam, in chemical industry",0.7243297387959107,0.1086494608193864,0.3149259733895264,0.031492597,0.661726366,0.099258955,0.2877071155397674,0.028770712,0.6258322423325802,0.093874836,0.2721009749272088,0.027210097,0.000359303,5.389545602702097e-05,0.000156219,1.5621871312179997e-05,7.540606073999999e-11,1.1310909110999995e-11,3.27852438e-11,3.27852438e-12,5.3151157643696e-06,7.972673646554399e-07,2.310919897552e-06,2.3109198975520002e-07,4.833775718719717e-09,7.250663578079572e-10,2.1016416168346598e-09,2.10164161683466e-10,0.001104962,0.000165744,0.000480418,4.804184542818481e-05,3.72907763e-11,5.593616444999999e-12,1.6213381e-11,1.621338100000001e-12,4.02904984e-18,6.043574759999998e-19,1.7517608e-18,1.7517608e-19,0,0,0,0,8.108791466113674e-09,1.2163187199170504e-09,3.525561507005945e-09,3.5255615070059456e-10,9.47475639e-11,1.4212134584999995e-11,4.1194593e-11,4.1194593e-12,,,,,,,,,,,,,,,,,,,,,,,,,,,,,,,,,,,,,,,,,,,,,,,,,,,,,
5347,2M-1524,2022 Q1,"CATALYST, ZEOLITE",Raw Material,P-XYLENE FROM SABIC ALKYLATION PROCESS TECHNOLOGY,2013,Germany,P-XYLENE,0.0004,kg/kg,MM KG/yr,Recipe,IHS PEP,2e-05,,,,,,,,,,,,,,,,,,,,,,,,,,,,,,,,,,,,,,,,,,,,,,,,,,,,,,,,,,,,,,,,,,,,,,,,,,,,,,,,,,,,,,,,,,,,,,,,,,,,,,,,,,
5350,2M-1524,2022 Q1,HYDROGEN,Raw Material,P-XYLENE FROM SABIC ALKYLATION PROCESS TECHNOLOGY,2013,Germany,P-XYLENE,0.001020828,kg/kg,MM KG/yr,Recipe,IHS PEP,5.1041377839024447e-05,"hydrogen, gaseous",0.001858668,0.0002788,1.820746325259459,0.1820746325259459,0.001637177,0.000245577,1.6037747458761358,0.1603774745876136,0.00150061,0.000225092,1.4699937650139512,0.1469993765013951,2.1772494401797182e-06,3.26587416026906e-07,0.002132828,0.000213283,5.75102282358447e-13,8.626534235376958e-14,5.63368689e-10,5.63368689e-11,4.754410995669411e-08,7.1316164935043235e-09,4.65740855455e-05,4.6574085545500005e-06,6.020432775406636e-12,9.030649163110216e-13,5.8976001729367e-09,5.8976001729367e-10,3.8270993006613605e-06,5.740648950990471e-07,0.003749016,0.000374902,1.0492347376994625e-12,1.573852106549239e-13,1.0278276e-09,1.0278276e-10,1.851261995104267e-20,2.776892992656481e-21,1.8134914e-17,1.8134914e-18,0,0,0,0,2.3774363375474878e-11,3.566154506321335e-12,2.3289304072528293e-08,2.328930407252829e-09,2.7790031452990215e-12,4.168504717948653e-13,2.7223042e-09,2.7223042e-10,hydrogen; technology mix; steam reforming of natural gas,0.010494239,0.001574136,10.280128552931046,1.0280128552931047,0.00938759,0.001408138,9.196058106369614,0.9196058106369616,0.008782301,0.001317345,8.603118628684351,0.8603118628684351,1.2097708907837766e-06,1.814656336175513e-07,0.001185088,0.000118509,1.04481852154849e-12,1.5672277823227812e-13,1.0235014862292271e-09,1.0235014862292272e-10,1.3874858979538485e-08,2.0812288469308327e-09,1.3591775503493032e-05,1.3591775503493034e-06,1.475590228750532e-11,2.213385343125862e-12,1.4454843219597377e-08,1.4454843219597374e-09,2.003949232179288e-05,3.005923848268948e-06,0.019630634,0.001963063,0,0,0,0,1.747097916465863e-17,2.6206468746988706e-18,1.7114525414812033e-14,1.7114525414812033e-15,0,0,0,0,4.82530605833048e-11,7.237959087495931e-12,4.7268571721839774e-08,4.726857172183978e-09,0,0,0,0
5348,2M-1524,2022 Q1,METHANOL,Raw Material,P-XYLENE FROM SABIC ALKYLATION PROCESS TECHNOLOGY,2013,Germany,P-XYLENE,0.551696068,kg/kg,MM KG/yr,Recipe,IHS PEP,0.027584803,methanol,0.8317025733647497,0.1247553860047123,1.5075376116679522,0.1507537611667952,0.5793308818946901,0.086899632,1.0500906478186274,0.1050090647818627,0.4408248327071501,0.066123725,0.7990356609992278,0.079903566,0.000514441,7.71661070884071e-05,0.000932471,9.324712343671e-05,6.483904199309422e-10,9.725856298964128e-11,1.1752674289999998e-09,1.1752674289999998e-10,3.510527329664121e-06,5.265790994496179e-07,6.3631545167000025e-06,6.363154516700003e-07,-4.74E-09,-7.11E-10,-8.59E-09,-8.59E-10,0.004545401,0.00068181,0.008238959,0.000823896,3.929210239155402e-12,5.893815358733101e-13,7.1220559e-12,7.122055900000005e-13,-2.56E-17,-3.84E-18,-4.64E-17,-4.64E-18,0,0,0,0,8.486247853635243e-09,1.2729371780452858e-09,1.5382106814380313e-08,1.538210681438031e-09,8.569400139170452e-11,1.2854100208755672e-11,1.5532828e-10,1.5532828e-11,methanol; production mix,1.5835266609374266,0.2375289991406138,2.870288101651933,0.2870288101651933,1.1734270997342449,0.1760140649601365,2.1269448286581323,0.2126944828658132,0.9401535137478712,0.1410230270621806,1.7041149421755168,0.1704114942175517,0.00035887,5.3830548242355686e-05,0.000650486,6.504855520145e-05,1.0055625760680434e-09,1.5083438641020638e-10,1.822674899484135e-09,1.8226748994841352e-10,3.934757581085899e-05,5.9021363716288446e-06,7.132110968810444e-05,7.132110968810444e-06,3.184210198555733e-09,4.776315297833598e-10,5.771674624450428e-09,5.771674624450425e-10,0.007438382,0.001115757,0.013482754,0.001348275,0,0,0,0,3.233707578750041e-15,4.850561368125058e-16,5.861393190572047e-15,5.861393190572047e-16,0,0,0,0,1.841269698365452e-08,2.761904547548176e-09,3.3374711253815993e-08,3.337471125381599e-09,0,0,0,0
5349,2M-1524,2022 Q1,TOLUENE,Raw Material,P-XYLENE FROM SABIC ALKYLATION PROCESS TECHNOLOGY,2013,Germany,P-XYLENE,0.969976555,kg/kg,MM KG/yr,Recipe,IHS PEP,0.048498828,"toluene, liquid",2.179296631026191,0.3268944946539285,2.2467518608907304,0.224675186,1.5128225124124428,0.2269233768618663,1.5596485336461738,0.1559648533646174,1.149795721,0.1724693580920202,1.1853850633064484,0.1185385063306447,0.001983626,0.000297544,0.002045024,0.000204502,3.339560402453505e-12,5.009340603680259e-13,3.44292899e-12,3.4429289900000013e-13,5.6631021203739306e-08,8.494653180560895e-09,5.8383907203000004e-08,5.838390720300001e-09,-9.01E-11,-1.35E-11,-9.29E-11,-9.29E-12,0.011953017,0.001792953,0.012322996,0.0012323,3.1583226207071363e-13,4.737483931060701e-14,3.2560814e-13,3.2560814e-14,6.591011257932477e-19,9.886516886898714e-20,6.7950212e-19,6.7950212e-20,0,0,0,0,-3.03E-11,-4.54E-12,-3.12E-11,-3.12E-12,1.1797955791036024e-12,1.769693368655403e-13,1.2163135e-12,1.2163135e-13,toluene; production mix,0.9348282076931484,0.1402242311539721,0.9637637141019768,0.096376371,0.809499885,0.1214249826765429,0.8345561343147235,0.083455613,0.7364027499268364,0.1104604124890253,0.7591964421952463,0.075919644,0.000774014,0.000116102,0.000797972,7.979719192152001e-05,1.327460758307862e-09,1.9911911374617924e-10,1.368549322991068e-09,1.3685493229910678e-10,1.3494472264629032e-05,2.0241708396943542e-06,1.3912163328595193e-05,1.3912163328595191e-06,1.1319913620698632e-08,1.6979870431047934e-09,1.1670296108543526e-08,1.167029610854352e-09,0.002210356,0.000331553,0.002278773,0.000227877,0,0,0,0,1.5403280298966067e-14,2.3104920448449094e-15,1.5880054226132384e-14,1.5880054226132386e-15,0,0,0,0,1.8442521276827683e-08,2.7663781915241507e-09,1.9013368078634672e-08,1.9013368078634674e-09,0,0,0,0
16555,2M-66,2022 Q1,BENZENE,By-Product,"XYLENES, MIXED [BENZENE BY-PRODUCT] FROM TOLUENE BY DISPROPORTIONATION",1997,Germany,"XYLENES, MIXED",-0.926369036,kg/kg,MM KG/yr,Recipe,IHS PEP,0.046318452,benzene,-2.414987551,-0.120749378,2.606938980866669,0.2606938980866669,-1.735600363,-0.086780018,1.873551786944761,0.1873551786944761,-1.365240832,-0.068262042,1.473754819337314,0.1473754819337313,-0.002109447,-0.000105472,0.002277114,0.000227711,-1.44E-10,-7.19E-12,1.551695894e-10,1.551695894e-11,-8.80E-07,-4.40E-08,9.49880906174e-07,9.498809061740001e-08,-4.66E-10,-2.33E-11,5.025129961437526e-10,5.0251299614375296e-11,-0.01217618,-0.000608809,0.013143984,0.001314398,-4.84E-12,-2.42E-13,5.2260755e-12,5.2260755e-13,-5.71E-18,-2.85E-19,6.1608762e-18,6.160876200000005e-19,0,0,0,0,-4.27E-10,-2.14E-11,4.6100344463964487e-10,4.610034446396449e-11,-1.44E-11,-7.19E-13,1.5533561e-11,1.5533561000000001e-12,benzene; production mix,-1.336619984,-0.066830999,1.4428590890286377,0.1442859089028637,-1.179264305,-0.058963215,1.272996245,0.127299625,-1.08875802,-0.054437901,1.175296212538518,0.1175296212538517,-0.000823372,-4.12E-05,0.000888817,8.888166973874e-05,-1.60E-09,-8.02E-11,1.730966035298328e-09,1.7309660352983282e-10,-1.31E-05,-6.57E-07,1.4187164751146388e-05,1.418716475114639e-06,-1.31E-08,-6.56E-10,1.4154546943283873e-08,1.415454694328387e-09,-0.002789932,-0.000139497,0.003011685,0.000301169,0,0,0,0,-1.95E-14,-9.74E-16,2.102350723858385e-14,2.102350723858385e-15,0,0,0,0,-2.31E-08,-1.15E-09,2.488941882914232e-08,2.488941882914232e-09,0,0,0,0
16556,2M-66,2022 Q1,C9+ AROMATICS,By-Product,"XYLENES, MIXED [BENZENE BY-PRODUCT] FROM TOLUENE BY DISPROPORTIONATION",1997,Germany,"XYLENES, MIXED",-0.116685846,kg/kg,MM KG/yr,Recipe,IHS PEP,0.005834292,,,,,,,,,,,,,,,,,,,,,,,,,,,,,,,,,,,,,,,,,,,,,,,,,,,,,,,,,,,,,,,,,,,,,,,,,,,,,,,,,,,,,,,,,,,,,,,,,,,,,,,,,,
16557,2M-66,2022 Q1,FUEL GAS,By-Product,"XYLENES, MIXED [BENZENE BY-PRODUCT] FROM TOLUENE BY DISPROPORTIONATION",1997,Germany,"XYLENES, MIXED",-0.013327756,kg/kg,MM KG/yr,Recipe,IHS PEP,0.000666388,,,,,,,,,,,,,,,,,,,,,,,,,,,,,,,,,,,,,,,,,,,,,,,,,,,,,,,,,,,,,,,,,,,,,,,,,,,,,,,,,,,,,,,,,,,,,,,,,,,,,,,,,,
6405,2M-66,2022 Q1,COOLING WATER,Direct Utilities,"XYLENES, MIXED [BENZENE BY-PRODUCT] FROM TOLUENE BY DISPROPORTIONATION",1997,Germany,"XYLENES, MIXED",14.69328285,kg/kg,MM KG/yr,Utilities,IHS PEP,0.7346641423491351,COOLING WATER,0,0,0,0,0,0,0,0,0,0,0,0,0,0,0,0,0,0,0,0,0,0,0,0,0,0,0,0,0,0,0,0,0,0,0,0,0,0,0,0,0,0,0,0,0,0,0,0,0,0,0,0,,,,,,,,,,,,,,,,,,,,,,,,,,,,,,,,,,,,,,,,,,,,,,,,,,,,,
6406,2M-66,2022 Q1,ELECTRICITY,Direct Utilities,"XYLENES, MIXED [BENZENE BY-PRODUCT] FROM TOLUENE BY DISPROPORTIONATION",1997,Germany,"XYLENES, MIXED",0.047948639,kWh/kg,MM KG/yr,Utilities,IHS PEP,0.002397432,ELECTRICITY,0,0,0,0,0,0,0,0,0,0,0,0,0,0,0,0,0,0,0,0,0,0,0,0,0,0,0,0,0,0,0,0,0,0,0,0,0,0,0,0,0,0,0,0,0,0,0,0,0,0,0,0,,,,,,,,,,,,,,,,,,,,,,,,,,,,,,,,,,,,,,,,,,,,,,,,,,,,,
6408,2M-66,2022 Q1,NATURAL GAS,Direct Utilities,"XYLENES, MIXED [BENZENE BY-PRODUCT] FROM TOLUENE BY DISPROPORTIONATION",1997,Germany,"XYLENES, MIXED",0.020578055,kg/kg,MM KG/yr,Utilities,IHS PEP,0.001028903,NATURAL GAS,0.055560748,0.004835843,2.7,0.1,0.055560748,0.004835843,2.7,0.1,0.055560748,0.004835843,2.7,0.1,0,0,0,0,0,0,0,0,0,0,0,0,0,0,0,0,0,0,0,0,0,0,0,0,0,0,0,0,0,0,0,0,0,0,0,0,0,0,0,0,,,,,,,,,,,,,,,,,,,,,,,,,,,,,,,,,,,,,,,,,,,,,,,,,,,,,
6407,2M-66,2022 Q1,STEAM,Direct Utilities,"XYLENES, MIXED [BENZENE BY-PRODUCT] FROM TOLUENE BY DISPROPORTIONATION",1997,Germany,"XYLENES, MIXED",2.957422325,kg/kg,MM KG/yr,Utilities,IHS PEP,0.1478711162255465,STEAM,0,0,0,0,0,0,0,0,0,0,0,0,0,0,0,0,0,0,0,0,0,0,0,0,0,0,0,0,0,0,0,0,0,0,0,0,0,0,0,0,0,0,0,0,0,0,0,0,0,0,0,0,,,,,,,,,,,,,,,,,,,,,,,,,,,,,,,,,,,,,,,,,,,,,,,,,,,,,
16562,2M-66,2022 Q1,COOLING WATER,Indirect Utilities,"XYLENES, MIXED [BENZENE BY-PRODUCT] FROM TOLUENE BY DISPROPORTIONATION",1997,Germany,"XYLENES, MIXED",14.69328285,kg/kg,MM KG/yr,Utilities,IHS PEP,0.7346641423491351,,,,,,,,,,,,,,,,,,,,,,,,,,,,,,,,,,,,,,,,,,,,,,,,,,,,,,,,,,,,,,,,,,,,,,,,,,,,,,,,,,,,,,,,,,,,,,,,,,,,,,,,,,
16563,2M-66,2022 Q1,ELECTRICITY,Indirect Utilities,"XYLENES, MIXED [BENZENE BY-PRODUCT] FROM TOLUENE BY DISPROPORTIONATION",1997,Germany,"XYLENES, MIXED",0.047948639,kWh/kg,MM KG/yr,Utilities,IHS PEP,0.002397432,"electricity, medium voltage",0.031881483,0.004782222,0.6649090277047398,0.066490903,0.02805193,0.004207789,0.5850412058672869,0.058504121,0.025537154,0.003830573,0.5325939169892919,0.053259392,1.8048908574015486e-05,2.707336286102303e-06,0.000376422,3.764217053283001e-05,1.1214094409857474e-10,1.6821141614786083e-11,2.3387721889999997e-09,2.3387721889999997e-10,8.429470840759127e-07,1.2644206261138597e-07,1.758020866404e-05,1.758020866404e-06,2.3150261560191027e-10,3.472539234028628e-11,4.828137335588799e-09,4.8281373355888e-10,6.88612922857616e-05,1.0329193842857929e-05,0.001436147,0.000143615,1.217267694670565e-13,1.825901542005833e-14,2.5386908e-12,2.5386908e-13,5.650548634306714e-19,8.475822951460005e-20,1.1784586e-17,1.1784586000000002e-18,0,0,0,0,7.417032128852816e-09,1.112554819327914e-09,1.5468702004713098e-07,1.54687020047131e-08,4.3923321783404164e-13,6.588498267510574e-14,9.1604939e-12,9.1604939e-13,,,,,,,,,,,,,,,,,,,,,,,,,,,,,,,,,,,,,,,,,,,,,,,,,,,,,
16565,2M-66,2022 Q1,NATURAL GAS,Indirect Utilities,"XYLENES, MIXED [BENZENE BY-PRODUCT] FROM TOLUENE BY DISPROPORTIONATION",1997,Germany,"XYLENES, MIXED",0.020578055,kg/kg,MM KG/yr,Utilities,IHS PEP,0.001028903,"natural gas, high pressure",0.015463109,0.002319466,0.7514368803090485,0.075143688,0.008120111,0.001218017,0.394600531,0.039460053,0.004109817,0.000616473,0.199718439,0.019971844,1.1224893437555327e-05,1.6837340156332991e-06,0.000545479,5.454788422389e-05,4.041005197022487e-14,6.061507795533731e-15,1.963744999999996e-12,1.9637449999999962e-13,7.475100324329436e-08,1.1212650486494153e-08,3.632559269465e-06,3.632559269465e-07,8.029032120176228e-12,1.2043548180264342e-12,3.901744964954e-10,3.901744964954e-11,0.000132591,1.988865270749093e-05,0.006443321,0.000644332,6.598239022105315e-14,9.897358533157973e-15,3.2064445e-12,3.2064445000000013e-13,7.09078113985657e-20,1.0636171709784856e-20,3.4457976e-18,3.4457976000000003e-19,0,0,0,0,1.0448538977846395e-10,1.5672808466769588e-11,5.077515413781031e-09,5.07751541378103e-10,-4.26E-13,-6.39E-14,-2.07E-11,-2.07E-12,,,,,,,,,,,,,,,,,,,,,,,,,,,,,,,,,,,,,,,,,,,,,,,,,,,,,
16564,2M-66,2022 Q1,STEAM,Indirect Utilities,"XYLENES, MIXED [BENZENE BY-PRODUCT] FROM TOLUENE BY DISPROPORTIONATION",1997,Germany,"XYLENES, MIXED",2.957422325,kg/kg,MM KG/yr,Utilities,IHS PEP,0.1478711162255465,"steam, in chemical industry",0.9313691042705204,0.1397053656405779,0.3149259733895264,0.031492597,0.8508714464179536,0.1276307169626929,0.2877071155397674,0.028770712,0.8047174977709162,0.1207076246656371,0.2721009749272088,0.027210097,0.000462005,6.930070645391698e-05,0.000156219,1.5621871312179997e-05,9.695981192865354e-11,1.4543971789298032e-11,3.27852438e-11,3.27852438e-12,6.834366095176797e-06,1.0251549142765197e-06,2.310919897552e-06,2.3109198975520002e-07,6.2154418357480684e-09,9.323162753622104e-10,2.1016416168346598e-09,2.10164161683466e-10,0.0014208,0.00021312,0.000480418,4.804184542818481e-05,4.794981492520135e-11,7.1924722387802026e-12,1.6213381e-11,1.621338100000001e-12,5.1806964971231274e-18,7.77104474568469e-19,1.7517608e-18,1.7517608e-19,0,0,0,0,1.042657430725578e-08,1.563986146088367e-09,3.525561507005945e-09,3.5255615070059456e-10,1.2182980898734167e-10,1.827447134810125e-11,4.1194593e-11,4.1194593e-12,,,,,,,,,,,,,,,,,,,,,,,,,,,,,,,,,,,,,,,,,,,,,,,,,,,,,
16558,2M-66,2022 Q1,"CATALYST, ZSM-5 (MTDP)",Raw Material,"XYLENES, MIXED [BENZENE BY-PRODUCT] FROM TOLUENE BY DISPROPORTIONATION",1997,Germany,"XYLENES, MIXED",8.05523590333714e-05,kg/kg,MM KG/yr,Recipe,IHS PEP,4.0276179516685705e-06,,,,,,,,,,,,,,,,,,,,,,,,,,,,,,,,,,,,,,,,,,,,,,,,,,,,,,,,,,,,,,,,,,,,,,,,,,,,,,,,,,,,,,,,,,,,,,,,,,,,,,,,,,
16561,2M-66,2022 Q1,HYDROGEN,Raw Material,"XYLENES, MIXED [BENZENE BY-PRODUCT] FROM TOLUENE BY DISPROPORTIONATION",1997,Germany,"XYLENES, MIXED",0.013006169,kg/kg,MM KG/yr,Recipe,IHS PEP,0.000650308,"hydrogen, gaseous",0.023680934,0.00355214,1.820746325259459,0.1820746325259459,0.020858965,0.003128845,1.6037747458761358,0.1603774745876136,0.019118987,0.002867848,1.4699937650139512,0.1469993765013951,2.7739918885653663e-05,4.1609878328470986e-06,0.002132828,0.000213283,7.327268235402906e-12,1.0990902353103908e-12,5.63368689e-10,5.63368689e-11,6.057504158000513e-07,9.086256237000397e-08,4.65740855455e-05,4.6574085545500005e-06,7.670518304624091e-11,1.1505777456935663e-11,5.8976001729367e-09,5.8976001729367e-10,4.876034055102334e-05,7.314051082650991e-06,0.003749016,0.000374902,1.3368099207498565e-11,2.005214881124702e-12,1.0278276e-09,1.0278276e-10,2.358657516800041e-19,3.537986275199916e-20,1.8134914e-17,1.8134914e-18,0,0,0,0,3.0290461874652763e-10,4.543569281197728e-11,2.3289304072528293e-08,2.328930407252829e-09,3.540674780341568e-11,5.311012170512135e-12,2.7223042e-09,2.7223042e-10,hydrogen; technology mix; steam reforming of natural gas,0.1337050866910178,0.020055763,10.280128552931046,1.0280128552931047,0.1196054835303803,0.017940823,9.196058106369614,0.9196058106369616,0.1118936126273816,0.016784042,8.603118628684351,0.8603118628684351,1.5413459643740617e-05,2.312018946560737e-06,0.001185088,0.000118509,1.3311833041781064e-11,1.996774956267078e-12,1.0235014862292271e-09,1.0235014862292272e-10,1.7677692575753326e-07,2.65165388636289e-08,1.3591775503493032e-05,1.3591775503493034e-06,1.8800213011249718e-10,2.820031951687341e-11,1.4454843219597377e-08,1.4454843219597374e-09,0.000255319,3.829790109880282e-05,0.019630634,0.001963063,0,0,0,0,2.2259440555445555e-16,3.3389160833166966e-17,1.7114525414812033e-14,1.7114525414812033e-15,0,0,0,0,6.147830202013599e-10,9.221745303020019e-11,4.7268571721839774e-08,4.726857172183978e-09,0,0,0,0
16559,2M-66,2022 Q1,MOLECULAR SIEVES,Raw Material,"XYLENES, MIXED [BENZENE BY-PRODUCT] FROM TOLUENE BY DISPROPORTIONATION",1997,Germany,"XYLENES, MIXED",1.61104718066743e-05,kg/kg,MM KG/yr,Recipe,IHS PEP,8.05523590333715e-07,,,,,,,,,,,,,,,,,,,,,,,,,,,,,,,,,,,,,,,,,,,,,,,,,,,,,,,,,,,,,,,,,,,,,,,,,,,,,,,,,,,,,,,,,,,,,,,,,,,,,,,,,,
16560,2M-66,2022 Q1,TOLUENE,Raw Material,"XYLENES, MIXED [BENZENE BY-PRODUCT] FROM TOLUENE BY DISPROPORTIONATION",1997,Germany,"XYLENES, MIXED",2.296962302,kg/kg,MM KG/yr,Recipe,IHS PEP,0.1148481150794195,"toluene, liquid",5.160704325,0.7741056488234354,2.2467518608907304,0.224675186,3.582453885512873,0.537368083,1.5596485336461738,0.1559648533646174,2.722784803280879,0.4084177204921315,1.1853850633064484,0.1185385063306447,0.004697344,0.000704602,0.002045024,0.000204502,7.90827809707579e-12,1.186241714561369e-12,3.44292899e-12,3.4429289900000013e-13,1.341056338647259e-07,2.0115845079708884e-08,5.8383907203000004e-08,5.838390720300001e-09,-2.13E-10,-3.20E-11,-9.29E-11,-9.29E-12,0.028305457,0.004245819,0.012322996,0.0012323,7.479096226703147e-13,1.1218644340054721e-13,3.2560814e-13,3.2560814e-14,1.5607907534893905e-18,2.341186130234086e-19,6.7950212e-19,6.7950212e-20,0,0,0,0,-7.17E-11,-1.07E-11,-3.12E-11,-3.12E-12,2.7938262564130306e-12,4.190739384619546e-13,1.2163135e-12,1.2163135e-13,toluene; production mix,2.213728918931052,0.3320593378396576,0.9637637141019768,0.096376371,1.916943979080257,0.2875415968620384,0.8345561343147235,0.083455613,1.743845607,0.2615768410833762,0.7591964421952463,0.075919644,0.001832911,0.000274937,0.000797972,7.979719192152001e-05,3.143506202774796e-09,4.715259304162195e-10,1.368549322991068e-09,1.3685493229910678e-10,3.195571469932361e-05,4.793357204898541e-06,1.3912163328595193e-05,1.3912163328595191e-06,2.680623020969817e-08,4.020934531454725e-09,1.1670296108543526e-08,1.167029610854352e-09,0.005234255,0.000785138,0.002278773,0.000227877,0,0,0,0,3.647588590460548e-14,5.471382885690823e-15,1.5880054226132384e-14,1.5880054226132386e-15,0,0,0,0,4.367298970284793e-08,6.550948455427189e-09,1.9013368078634672e-08,1.9013368078634674e-09,0,0,0,0
16195,2M-63,2021 Q3,FUEL GAS,By-Product,BENZENE FROM TOLUENE BY DEALKYLATION,1987,Germany,BENZENE,-0.229208228,kg/kg,MM KG/yr,Recipe,IHS PEP,0.011460411,,,,,,,,,,,,,,,,,,,,,,,,,,,,,,,,,,,,,,,,,,,,,,,,,,,,,,,,,,,,,,,,,,,,,,,,,,,,,,,,,,,,,,,,,,,,,,,,,,,,,,,,,,
72,2M-63,2021 Q3,BENZENE,Direct Process,BENZENE FROM TOLUENE BY DEALKYLATION,1987,Germany,BENZENE,1,kg/kg,MM KG/yr,Chemical,IHS PEP,0,,0.8976137058943502,0.008976137,,,0.8976137058943502,0.008976137,,,0.8976137058943502,0.008976137,,,0,0,,,0,0,,,0,0,,,0,0,,,0,0,,,0,0,,,0,0,,,0,0,,,0,0,,,0,0,,,,,,,,,,,,,,,,,,,,,,,,,,,,,,,,,,,,,,,,,,,,,,,,,,,,,,,
6260,2M-63,2021 Q3,COOLING WATER,Direct Utilities,BENZENE FROM TOLUENE BY DEALKYLATION,1987,Germany,BENZENE,19.23076923,kg/kg,MM KG/yr,Utilities,IHS PEP,0.961538462,COOLING WATER,0,0,0,0,0,0,0,0,0,0,0,0,0,0,0,0,0,0,0,0,0,0,0,0,0,0,0,0,0,0,0,0,0,0,0,0,0,0,0,0,0,0,0,0,0,0,0,0,0,0,0,0,,,,,,,,,,,,,,,,,,,,,,,,,,,,,,,,,,,,,,,,,,,,,,,,,,,,,
6261,2M-63,2021 Q3,ELECTRICITY,Direct Utilities,BENZENE FROM TOLUENE BY DEALKYLATION,1987,Germany,BENZENE,0.082479096,kWh/kg,MM KG/yr,Utilities,IHS PEP,0.004123955,ELECTRICITY,0,0,0,0,0,0,0,0,0,0,0,0,0,0,0,0,0,0,0,0,0,0,0,0,0,0,0,0,0,0,0,0,0,0,0,0,0,0,0,0,0,0,0,0,0,0,0,0,0,0,0,0,,,,,,,,,,,,,,,,,,,,,,,,,,,,,,,,,,,,,,,,,,,,,,,,,,,,,
6263,2M-63,2021 Q3,NATURAL GAS,Direct Utilities,BENZENE FROM TOLUENE BY DEALKYLATION,1987,Germany,BENZENE,0.048347237,kg/kg,MM KG/yr,Utilities,IHS PEP,0.002417362,NATURAL GAS,0.1305375395955995,0.011361601,2.7,0.1,0.1305375395955995,0.011361601,2.7,0.1,0.1305375395955995,0.011361601,2.7,0.1,0,0,0,0,0,0,0,0,0,0,0,0,0,0,0,0,0,0,0,0,0,0,0,0,0,0,0,0,0,0,0,0,0,0,0,0,0,0,0,0,,,,,,,,,,,,,,,,,,,,,,,,,,,,,,,,,,,,,,,,,,,,,,,,,,,,,
6262,2M-63,2021 Q3,STEAM,Direct Utilities,BENZENE FROM TOLUENE BY DEALKYLATION,1987,Germany,BENZENE,0.063573101,kg/kg,MM KG/yr,Utilities,IHS PEP,0.003178655,STEAM,0,0,0,0,0,0,0,0,0,0,0,0,0,0,0,0,0,0,0,0,0,0,0,0,0,0,0,0,0,0,0,0,0,0,0,0,0,0,0,0,0,0,0,0,0,0,0,0,0,0,0,0,,,,,,,,,,,,,,,,,,,,,,,,,,,,,,,,,,,,,,,,,,,,,,,,,,,,,
16199,2M-63,2021 Q3,COOLING WATER,Indirect Utilities,BENZENE FROM TOLUENE BY DEALKYLATION,1987,Germany,BENZENE,19.23076923,kg/kg,MM KG/yr,Utilities,IHS PEP,0.961538462,,,,,,,,,,,,,,,,,,,,,,,,,,,,,,,,,,,,,,,,,,,,,,,,,,,,,,,,,,,,,,,,,,,,,,,,,,,,,,,,,,,,,,,,,,,,,,,,,,,,,,,,,,
16200,2M-63,2021 Q3,ELECTRICITY,Indirect Utilities,BENZENE FROM TOLUENE BY DEALKYLATION,1987,Germany,BENZENE,0.082479096,kWh/kg,MM KG/yr,Utilities,IHS PEP,0.004123955,"electricity, medium voltage",0.054841095,0.008226164,0.6649090277047398,0.066490903,0.04825367,0.00723805,0.5850412058672869,0.058504121,0.043927865,0.00658918,0.5325939169892919,0.053259392,3.1046921948456896e-05,4.6570382922685146e-06,0.000376422,3.764217053283001e-05,1.9289981576321606e-10,2.8934972364482278e-11,2.3387721889999997e-09,2.3387721889999997e-10,1.449999717083266e-06,2.1749995756248894e-07,1.758020866404e-05,1.758020866404e-06,3.9822040252360136e-10,5.973306037853994e-11,4.828137335588799e-09,4.8281373355888e-10,0.000118452,1.776781536205356e-05,0.001436147,0.000143615,2.093889220604939e-13,3.140833830907394e-14,2.5386908e-12,2.5386908e-13,9.719819993317765e-19,1.4579729989976585e-19,1.1784586e-17,1.1784586000000002e-18,0,0,0,0,1.2758445567462868e-08,1.913766835119421e-09,1.5468702004713098e-07,1.54687020047131e-08,7.555492552550036e-13,1.1333238828825008e-13,9.1604939e-12,9.1604939e-13,,,,,,,,,,,,,,,,,,,,,,,,,,,,,,,,,,,,,,,,,,,,,,,,,,,,,
16202,2M-63,2021 Q3,NATURAL GAS,Indirect Utilities,BENZENE FROM TOLUENE BY DEALKYLATION,1987,Germany,BENZENE,0.048347237,kg/kg,MM KG/yr,Utilities,IHS PEP,0.002417362,"natural gas, high pressure",0.036329897,0.005449485,0.7514368803090485,0.075143688,0.019077845,0.002861677,0.394600531,0.039460053,0.009655835,0.001448375,0.199718439,0.019971844,2.6372394802711933e-05,3.95585922040676e-06,0.000545479,5.454788422389e-05,9.494164470117042e-14,1.4241246705175458e-14,1.963744999999996e-12,1.9637449999999962e-13,1.756242035078332e-07,2.634363052617478e-08,3.632559269465e-06,3.632559269465e-07,1.8863858809430148e-11,2.829578821414501e-12,3.901744964954e-10,3.901744964954e-11,0.000311517,4.672751721108597e-05,0.006443321,0.000644332,1.5502273180734905e-13,2.3253409771102192e-14,3.2064445e-12,3.2064445000000013e-13,1.6659479283274892e-19,2.4989218924912142e-20,3.4457976e-18,3.4457976000000003e-19,0,0,0,0,2.4548384050878086e-10,3.6822576076316856e-11,5.077515413781031e-09,5.07751541378103e-10,-1.00E-12,-1.50E-13,-2.07E-11,-2.07E-12,,,,,,,,,,,,,,,,,,,,,,,,,,,,,,,,,,,,,,,,,,,,,,,,,,,,,
16201,2M-63,2021 Q3,STEAM,Indirect Utilities,BENZENE FROM TOLUENE BY DEALKYLATION,1987,Germany,BENZENE,0.063573101,kg/kg,MM KG/yr,Utilities,IHS PEP,0.003178655,"steam, in chemical industry",0.020020821,0.003003123,0.3149259733895264,0.031492597,0.018290433,0.002743565,0.2877071155397674,0.028770712,0.017298303,0.002594745,0.2721009749272088,0.027210097,9.931307959005783e-06,1.4896961938508583e-06,0.000156219,1.5621871312179997e-05,2.084259601057028e-12,3.126389401585522e-13,3.27852438e-11,3.27852438e-12,1.469123430385007e-07,2.203685145577497e-08,2.310919897552e-06,2.3109198975520002e-07,1.3360787385295132e-10,2.0041181077942576e-11,2.1016416168346598e-09,2.10164161683466e-10,3.054169070604313e-05,4.581253605906747e-06,0.000480418,4.804184542818481e-05,1.030734900767936e-12,1.5461023511518944e-13,1.6213381e-11,1.621338100000001e-12,1.1136486549950068e-19,1.6704729824924998e-20,1.7517608e-18,1.7517608e-19,0,0,0,0,2.2413087622347416e-10,3.3619631433520916e-11,3.525561507005945e-09,3.5255615070059456e-10,2.618868003412152e-12,3.928302005118203e-13,4.1194593e-11,4.1194593e-12,,,,,,,,,,,,,,,,,,,,,,,,,,,,,,,,,,,,,,,,,,,,,,,,,,,,,
16196,2M-63,2021 Q3,CATALYST AND CHEMICALS,Raw Material,BENZENE FROM TOLUENE BY DEALKYLATION,1987,Germany,BENZENE,,,MM KG/yr,Recipe,IHS PEP,,,,,,,,,,,,,,,,,,,,,,,,,,,,,,,,,,,,,,,,,,,,,,,,,,,,,,,,,,,,,,,,,,,,,,,,,,,,,,,,,,,,,,,,,,,,,,,,,,,,,,,,,,,
16198,2M-63,2021 Q3,HYDROGEN (OFF-GAS),Raw Material,BENZENE FROM TOLUENE BY DEALKYLATION,1987,Germany,BENZENE,0.028495012,kg/kg,MM KG/yr,Recipe,IHS PEP,0.001424751,"hydrogen, gaseous",0.051882188,0.007782328,1.820746325259459,0.1820746325259459,0.04569958,0.006854937,1.6037747458761358,0.1603774745876136,0.041887489,0.006283123,1.4699937650139512,0.1469993765013951,6.0774954127813146e-05,9.116243119170112e-06,0.002132828,0.000213283,1.6053197297527014e-11,2.407979594629013e-12,5.63368689e-10,5.63368689e-11,1.3271291053482963e-06,1.990693658022412e-07,4.65740855455e-05,4.6574085545500005e-06,1.6805218501960852e-10,2.5207827752940857e-11,5.8976001729367e-09,5.8976001729367e-10,0.000106828,1.6024240044425514e-05,0.003749016,0.000374902,2.928795932896384e-11,4.393193899344503e-12,1.0278276e-09,1.0278276e-10,5.167545838098307e-19,7.751318757147329e-20,1.8134914e-17,1.8134914e-18,0,0,0,0,6.636289884374386e-10,9.954434826561416e-11,2.3289304072528293e-08,2.328930407252829e-09,7.757208960984065e-11,1.1635813441475908e-11,2.7223042e-09,2.7223042e-10,,,,,,,,,,,,,,,,,,,,,,,,,,,,,,,,,,,,,,,,,,,,,,,,,,,,,
16197,2M-63,2021 Q3,TOLUENE,Raw Material,BENZENE FROM TOLUENE BY DEALKYLATION,1987,Germany,BENZENE,1.187557466,kg/kg,MM KG/yr,Recipe,IHS PEP,0.059377873,"toluene, liquid",2.6681469467925125,0.4002220420188768,2.2467518608907304,0.224675186,1.8521722605662696,0.2778258390849405,1.5596485336461738,0.1559648533646174,1.4077128820895497,0.2111569323134322,1.1853850633064484,0.1185385063306447,0.002428584,0.000364288,0.002045024,0.000204502,4.0886760272004495e-12,6.133014040800676e-13,3.44292899e-12,3.4429289900000013e-13,6.933424489687246e-08,1.0400136734530867e-08,5.8383907203000004e-08,5.838390720300001e-09,-1.10E-10,-1.65E-11,-9.29E-11,-9.29E-12,0.014634266,0.00219514,0.012322996,0.0012323,3.866783776680007e-13,5.800175665020009e-14,3.2560814e-13,3.2560814e-14,8.069478158118747e-19,1.2104217237178117e-19,6.7950212e-19,6.7950212e-20,0,0,0,0,-3.70E-11,-5.56E-12,-3.12E-11,-3.12E-12,1.444442177998645e-12,2.166663266997967e-13,1.2163135e-12,1.2163135e-13,toluene; production mix,1.1445247942027466,0.1716787191304118,0.9637637141019768,0.096376371,0.991083368,0.1486625052231626,0.8345561343147235,0.083455613,0.9015894031376972,0.1352384104706544,0.7591964421952463,0.075919644,0.000947638,0.000142146,0.000797972,7.979719192152001e-05,1.625230966193986e-09,2.437846449290979e-10,1.368549322991068e-09,1.3685493229910678e-10,1.652149342996597e-05,2.4782240144948954e-06,1.3912163328595193e-05,1.3912163328595191e-06,1.3859147274870926e-08,2.0788720912306382e-09,1.1670296108543526e-08,1.167029610854352e-09,0.002706173,0.000405926,0.002278773,0.000227877,0,0,0,0,1.8858476957734367e-14,2.828771543660155e-15,1.5880054226132384e-14,1.5880054226132386e-15,0,0,0,0,2.2579467216793186e-08,3.3869200825189764e-09,1.9013368078634672e-08,1.9013368078634674e-09,0,0,0,0